PROVINCE_NAME,CITY_NAME,DLR_CODE,DLR_SHORT_NAME,DLR_FULL_NAME
上海,上海,T0201,上海东昌（EV）,上海东昌汽车宝山销售服务有限公司
江苏,盐城,V2018,启辰盐城太平洋博通,江苏太平洋汽车集团盐城博通汽车有限公司
江苏,常州,V2021,启辰常州中天日辰,常州中天日辰汽车销售服务有限公司
上海,上海,V0203,启辰上海松江,上海亚盛汽车销售服务有限公司
江苏,无锡,V2016,启辰无锡威盛,无锡威盛汽车销售服务有限公司
江苏,无锡,V2015,启辰江阴海辰,江阴市全顺海辰汽车销售服务有限公司
其它,其它,T9990,O一二单位驻沪办事处(启辰),公安部警用装备采购中心
上海,上海,T0203,启辰上海东浦,上海东仪汽车贸易有限公司
浙江,宁波,V2313,启辰象山众博,宁波众博汽车有限公司
江苏,昆山,W2037,昆山华星专营店常熟直营店,昆山华星专营店常熟直营店
江苏,苏州,V2030,启辰昆山华星,昆山华星汽车销售服务有限公司
浙江,杭州,V2301,启辰杭州东风南方宁新,浙江东风南方宁新汽车销售服务有限公司
江苏,苏州,V2012,启辰苏州诚隆,苏州诚利汽车销售服务有限公司
浙江,宁波,V2323,启辰宁波东幸海曙,宁波东幸汽车销售服务有限公司
江苏,无锡,V2032,启辰无锡南华,无锡市翰阳汽车销售服务有限公司
浙江,嘉兴,V2326,启辰嘉兴裕大南湖,嘉兴裕大汽车销售服务有限公司
上海,上海,V0209,启辰上海东风南方威顺,东风南方集团上海汽车销售服务有限公司
上海,上海,V0205,启辰上海东浦五洲大道,上海东仪汽车贸易有限公司
江苏,南通,V2033,启辰南通太平洋兴伟,南通兴伟汽车销售服务有限公司
上海,上海,V0008,DNAF,东风日产汽车金融有限公司
江苏,苏州,W2035,启辰华星专营店太仓分店,启辰华星专营店太仓分店
上海,上海,T0207,上海绅协（EV）,上海绅协汽车贸易有限公司
上海,上海,T0206,上海隆利（EV）,上海隆利汽车销售服务有限公司
上海,上海,V0208,启辰上海万帮（EV）,上海万帮之星汽车销售服务有限公司
上海,上海,T0202,上海众泰（EV）,上海众泰汽车销售有限公司
江苏,苏州,V2027,启辰苏州怡悦,吴江怡悦汽车销售服务有限公司
浙江,嘉兴,V2311,启辰嘉兴百和,嘉兴百大通汽车有限公司
浙江,湖州,V2321,启辰湖州东风南方湖骏,湖州东风南方金恒德汽车销售服务有限公司吴兴分公司
浙江,绍兴,V2312,启辰绍兴柯城,绍兴柯城汽车销售服务有限公司
上海,上海,T0205,上海绅协绅通（EV）,上海绅协绅通汽车销售服务有限公司
上海,上海,V0206,启辰上海众骁（EV）,上海众骁汽车销售服务有限公司
上海,上海,V0202,启辰上海炜业隆达,上海炜业隆达汽车销售服务有限公司
浙江,宁波,V2315,启辰慈溪轩豪,慈溪隆轩行汽车贸易有限公司
江苏,南通,V2022,启辰南通太平洋国际,南通太平洋国际汽车俱乐部有限公司
浙江,宁波,V2322,启辰宁波明晨海曙,宁波明晨汽车销售服务有限公司
浙江,台州,V2318,启辰台州铠辰,台州铠辰汽车有限公司
福建,厦门,V2817,启辰厦门塞尔福和顺,塞尔福（厦门）贸易有限公司集安分公司
浙江,台州,V2319,启辰台州恒联,台州恒联汽车服务有限公司
浙江,台州,W2313,启辰台州铠辰专营店临海分店,启辰台州铠辰专营店临海分店
浙江,温州,V2317,启辰温州龙辰,温州龙辰汽车销售有限公司
福建,龙岩,V2813,启辰龙岩汇京闽龙,龙岩汇京闽龙汽车销售服务有限公司
福建,宁德,V2816,启辰宁德和誉东侨,宁德和誉车业有限公司
福建,泉州,V2812,启辰泉州汇京福新,福建汇京福新投资发展有限公司
福建,厦门,V2811,启辰厦门塞尔福滨海,安捷尔（厦门）商贸有限公司
福建,漳州,V2815,启辰漳州聚力星辰,漳州市聚力星辰贸易有限公司
福建,福州,V2801,启辰福州汇京新辰青口,福州市汇京新辰汽车销售服务有限公司
福建,龙岩,Q2811,汇京鸿兴长汀直营店V,汇京鸿兴长汀直营店V
福建,泉州,Q2812,汇京中林泉港直营店V,汇京中林泉港直营店V
福建,泉州,Q2813,汇京三力德化直营店V,汇京三力德化直营店V
福建,泉州,Q2815,汇京集团水头直营店V,汇京集团水头直营店V
福建,泉州,Q2816,汇京永达武夷山直营店V,汇京永达武夷山直营店V
福建,宁德,Q2817,南方古田直营店V,南方古田直营店V
福建,漳州,Q2818,聚力汽车平和直营店V,聚力汽车平和直营店V
福建,漳州,Q2819,塞尔福南山直营店V（变更）,塞尔福南山直营店V（变更）
福建,漳州,Q2820,塞尔福滨北直营店V（变更）,塞尔福滨北直营店V（变更）
福建,厦门,Q2822,塞尔福南山直营店V,塞尔福南山直营店V
福建,厦门,Q2823,塞尔福滨北直营店V,塞尔福滨北直营店V
福建,泉州,Q2821,汇京华恒延平直营店V,汇京华恒延平直营店V
福建,厦门,Q2825,塞尔福集美直营店V,塞尔福集美直营店V
福建,漳州,Q2826,聚力汽车长泰直营店V,聚力汽车长泰直营店V
浙江,台州,Q2316,铠利三门直营店V,铠利三门直营店V
福建,厦门,Q2828,塞尔福翔安直营店V,塞尔福翔安直营店V
福建,泉州,Q2827,华宝仙游直营店V,华宝仙游直营店V
福建,泉州,W2811,启辰泉州汇京福新专营店晋江分店,启辰泉州汇京福新专营店晋江分店
浙江,金华,V2320,启辰金华金辰,金华金辉汽车销售服务有限公司
福建,泉州,V2819,启辰泉州汇京晋江,泉州市汇京泉玖汽车销售服务有限公司
浙江,台州,V2318A,启辰台州凯辰专营店元通仙居特约服务站,启辰台州凯辰专营店元通仙居特约服务站
浙江,台州,W2322,启辰台州恒联专营店路桥直营店,启辰台州恒联专营店路桥直营店
浙江,台州,W2311,启辰台州铠辰专营店黄岩分店,启辰台州铠辰专营店黄岩分店
福建,莆田,V2818,启辰莆田佰胜通涵江,莆田佰胜通汽车销售有限公司
福建,福州,W2801,启辰福州汇京新辰青口专营店福清分店,启辰福州汇京新辰青口专营店福清分店
浙江,金华,Q2312,大昌武义象龙直营店V,大昌武义象龙直营店V
浙江,台州,W2312,启辰台州铠辰专营店天台分店,启辰台州铠辰专营店天台分店
浙江,温州,V2316,启辰温州龙汇,苍南龙汇汽车销售有限公司
江苏,徐州,Q2015,良宇泗洪直营店V,良宇泗洪直营店V
江苏,南京,Q2021,东风南方宝应直营店V,东风南方宝应直营店V
江苏,南京,Q2029,福宁高淳汽车城直营店V,福宁高淳汽车城直营店V
江苏,徐州,W2013,启辰徐州润东专营店金山分店,启辰徐州润东专营店金山分店
江苏,常州,Q2030,中天日新上黄直营店V,中天日新上黄直营店V
江苏,泰州,W2017,启辰泰州东风南方姜堰专营店扬州分店,启辰泰州东风南方姜堰专营店扬州分店
江苏,连云港,Q2031,润东海澜东海直营店V,润东海澜东海直营店V
安徽,滁州,V2120,启辰天长东辰,天长市东辰汽车销售有限公司
江苏,泰州,W2025,启辰泰州东风南方姜堰专营店靖江分店,启辰泰州东风南方姜堰专营店靖江分店
江苏,连云港,W2012,启辰连云港美悦专营店南城分店,启辰连云港美悦专营店南城分店
江苏,连云港,Q2025,润东天澜赣榆直营店V,润东天澜赣榆直营店V
江苏,徐州,W2038,启辰徐州震华庞庄直营店,启辰徐州震华庞庄直营店
江苏,南京,V2001B,启辰南京万帮金坤专营店南京宁浙特约服务站,启辰南京万帮金坤专营店南京宁浙特约服务站
江苏,宿迁,W2030,启辰宿迁浩辰专营店洋河分店,启辰宿迁浩辰专营店洋河分店
江苏,徐州,W2036,启辰震华专营店新沂分店,启辰震华专营店新沂分店
江苏,连云港,Q2026,雨田盱眙鹏胜直营店V,雨田盱眙鹏胜直营店V
江苏,连云港,Q2027,润东天澜灌南直营店V,润东天澜灌南直营店V
江苏,无锡,W2021,启辰江阴海辰专营店顾山东辰分店,启辰江阴海辰专营店顾山东辰分店
安徽,宿州,V2118,启辰宿州诚致,宿州市诚致汽车销售服务有限公司
江苏,常州,Q2023,中天日新洛阳直营店V,中天日新洛阳直营店V
安徽,合肥,V2101,启辰合肥小小,安徽小小汽车销售服务有限公司
江苏,连云港,W2016,启辰连云港美悦专营店振兴分店,启辰连云港美悦专营店振兴分店
江苏,泰州,Q2033,东风南方天辰兴化直营店V,东风南方天辰兴化直营店V
安徽,亳州,V2121,启辰亳州奔宝行,蒙城县奔宝行汽车销售服务有限公司
江苏,常州,Q2022,中天孟河直营店V,中天孟河直营店V
安徽,安庆,V2111,启辰安庆润丰,安庆润丰汽车销售服务有限公司
安徽,合肥,V2102,启辰合肥亚夏雅迪,合肥雅迪汽车销售服务有限公司
安徽,六安,V2113,启辰六安伟驰,六安市伟驰汽车销售服务有限公司
安徽,芜湖,V2112,启辰芜湖亚夏,芜湖亚辰汽车销售服务有限公司
安徽,亳州,V2115,启辰亳州亚夏谯城,亳州亚辰汽车销售服务有限公司
安徽,阜阳,V2116,启辰阜阳中旭开发区,阜阳中旭汽车销售服务有限公司
安徽,宿州,V2020,启辰宿州美悦维辰,宿州美悦汽车销售服务有限公司
安徽,蚌埠,V2117,启辰蚌埠合辰,蚌埠合辰汽车销售有限公司
江苏,南京,Q2020,东风南方仪征直营店V,东风南方仪征直营店V
安徽,合肥,Q2101,安徽汽贸合作化路直营店V,安徽汽贸合作化路直营店V
安徽,芜湖,Q2111,福兆繁昌直营店V,福兆繁昌直营店V
安徽,芜湖,Q2112,福兆无为直营店V,福兆无为直营店V
安徽,六安,Q2113,安徽汽贸霍邱直营店V,安徽汽贸霍邱直营店V
安徽,安庆,Q2115,恒业宿松天顺直营店V,恒业宿松天顺直营店V
安徽,安庆,Q2116,亚夏郎溪直营店V,亚夏郎溪直营店V
安徽,安庆,Q2117,亚夏广德直营店V,亚夏广德直营店V
安徽,安庆,Q2118,顺达青阳直营店V,顺达青阳直营店V
安徽,六安,Q2119,淮南中骏潘集直营店V,淮南中骏潘集直营店V
安徽,六安,Q2120,淮南中骏西部直营店V,淮南中骏西部直营店V
安徽,六安,Q2121,安徽汽贸金寨直营店V,安徽汽贸金寨直营店V
安徽,合肥,Q2102,巢湖亚威庐江星锐直营店V,巢湖亚威庐江星锐直营店V
江苏,南通,T2002,南通太平洋海安（EV),江苏太平洋汽车集团海安有限公司
江苏,南京,V2004,启辰南京宇辰江宁,江苏宇辰汽车销售服务有限公司
浙江,宁波,W2321,启辰象山众博慈溪直营店,启辰象山众博慈溪直营店
浙江,绍兴,W2323,启辰杭州东风南方宁新专营店嵊州申元直营店,启辰杭州东风南方宁新专营店嵊州申元直营店
江苏,徐州,W2015,启辰徐州润东专营店邳州分店,启辰徐州润东专营店邳州分店
安徽,安庆,Q2123,恒业太湖直营店V,恒业太湖直营店V
安徽,安庆,W2111,启辰安庆润丰专营店池州分店,启辰安庆润丰专营店池州分店
浙江,杭州,W2319,启辰杭州东风南方宁新专营店建德分店,启辰杭州东风南方宁新专营店建德分店
江苏,连云港,V2028,启辰连云港盈辰,连云港盈辰汽车销售服务有限公司
安徽,合肥,W2112,启辰合肥小小专营店包河直营店,启辰合肥小小专营店包河直营店
江苏,徐州,W2039,启辰徐州震华鸿通直营店,启辰徐州震华鸿通直营店
安徽,蚌埠,W2113,启辰蚌埠合辰淮上直营店,启辰蚌埠合辰淮上直营店
安徽,合肥,V0007,启辰合肥小小(虚拟),安徽小小汽车销售服务有限公司
江苏,盐城,W2024,启辰盐城太平洋博通专营店建湖分店,启辰盐城太平洋博通专营店建湖分店
安徽,合肥,V2124,启辰合肥宇之行,合肥宇之行汽车销售服务有限公司
安徽,宿州,V2123,启辰宿州浩睿,宿州市震华汽车销售服务有限公司
江苏,淮安,V2031,启辰淮安兴泰淮阴,淮安辰泰汽车销售服务有限公司
江苏,徐州,Q2019,润东淮海丰县直营店VA,润东淮海丰县直营店VA
江苏,宿迁,W2029,启辰宿迁浩辰专营店宿豫分店,启辰宿迁浩辰专营店宿豫分店
江苏,盐城,Q2018,太平洋如皋直营店V,太平洋如皋直营店V
江苏,盐城,W2022,启辰盐城太平洋博通专营店东台分店,启辰盐城太平洋博通专营店东台分店
江苏,连云港,W2043,"启辰连云港盈辰南城直营店	","启辰连云港盈辰南城直营店	"
江苏,连云港,W2042,启辰连云港盈辰灌云直营店,启辰连云港盈辰灌云直营店
浙江,湖州,W2320,启辰湖州东风南方常兴专营店三里桥分店,启辰湖州东风南方常兴专营店三里桥分店
江苏,南通,T2006,南通太平洋开发区（EV）,江苏太平洋汽车集团南通开发区服务有限公司
江苏,扬州,V2034,启辰扬州东风南方扬辰,江苏东风南方汽车销售服务有限公司
安徽,六安,V2125,启辰六安小小子辰,六安小小子辰汽车销售服务有限公司
江苏,徐州,V2029,启辰徐州震华,徐州市震华汽车销售服务有限公司
江苏,无锡,Q2013,东风南方泰兴直营店V,东风南方泰兴直营店V
浙江,宁波,W2317,启辰象山众博专营店奉化分店,启辰象山众博专营店奉化分店
安徽,合肥,V2102A,启辰合肥亚夏雅迪专营店庐江星锐特约服务站,启辰合肥亚夏雅迪专营店庐江星锐特约服务站
江苏,常州,W2116,"启辰常州中天日辰湖塘直营店	","启辰常州中天日辰湖塘直营店	"
江苏,南通,T2003,南通太平洋如东（EV）,江苏太平洋汽车集团如东有限公司
江苏,盐城,Q2011,太平洋滨海直营店V,太平洋滨海直营店V
江苏,常州,W2019,启辰常州中天日辰专营店武进分店,启辰常州中天日辰专营店武进分店
江苏,连云港,W2032,启辰盈辰专营店赣榆中晟分店,启辰盈辰专营店赣榆中晟分店
江苏,南京,V2003,启辰南京裕尚,南京裕尚汽车销售服务有限公司
江苏,宿迁,W2027,启辰宿迁浩辰专营店大洋分店,启辰宿迁浩辰专营店大洋分店
江苏,南京,W2001,启辰南京万帮金坤专营店大明路分店,启辰南京万帮金坤专营店大明路分店
江苏,常州,W2018,启辰常州中天日辰专营店镇江分店,启辰常州中天日辰专营店镇江分店
浙江,嘉兴,Q2315,康桥海盐直营店V,康桥海盐直营店V
安徽,马鞍山,V2119,启辰马鞍山进驰,马鞍山进驰汽车销售有限责任公司
安徽,宣城,V2122,启辰宣城宏顺,宣城市宏顺汽车销售有限公司
上海,上海,W0202,启辰上海松江金山直营店,启辰上海松江金山直营店
江苏,宿迁,W2034,启辰浩辰专营店沭阳分店,启辰浩辰专营店沭阳分店
江苏,徐州,W2033,启辰震华专营店睢宁分店,启辰震华专营店睢宁分店
上海,上海,W0201,启辰上海松江专营店金山分店,启辰上海松江专营店金山分店
浙江,杭州,W2318,启辰杭州东风南方宁新专营店衢州分店,启辰杭州东风南方宁新专营店衢州分店
江苏,泰州,W2040,启辰东风南方姜堰泰州汽车城直营店,启辰东风南方姜堰泰州汽车城直营店
浙江,湖州,Q2311,东风南方德清直营店V,东风南方德清直营店V
江苏,南京,V2001,启辰南京万帮金坤,南京万帮金坤汽车销售有限公司
江苏,宿迁,V2026,启辰宿迁浩辰,宿迁市浩辰汽车销售服务有限公司
江苏,淮安,V2025,启辰淮安美辰汽车北站,淮安美辰汽车销售服务有限公司
江苏,南京,V2001A,启辰南京万帮金坤专营店南京大明路特约服务站,启辰南京万帮金坤专营店南京大明路特约服务站
江苏,无锡,W2020,启辰江阴海辰专营店宜兴宜辰分店,启辰江阴海辰专营店宜兴宜辰分店
江苏,泰州,V2013,启辰泰州东风南方泰兴,江苏东风南方汽车销售服务有限公司泰兴分公司
江苏,徐州,W2014,启辰徐州润东专营店沛县分店,启辰徐州润东专营店沛县分店
江苏,盐城,Q2017,太平洋通州直营店V,太平洋通州直营店V
江苏,南通,T2005,南通太平洋启东(EV),江苏太平洋汽车集团启东有限公司
江苏,泰州,W2026,启辰泰州东风南方姜堰专营店泰兴分店,启辰泰州东风南方姜堰专营店泰兴分店
江苏,连云港,V2023,启辰连云港美悦,连云港美悦汽车销售有限公司
江苏,徐州,V2019,启辰徐州润东,徐州润东美时汽车销售服务有限公司
江苏,连云港,W2011,启辰连云港美悦专营店清河分店,启辰连云港美悦专营店清河分店
江苏,宿迁,W2028,启辰宿迁浩辰专营店天鸿分店,启辰宿迁浩辰专营店天鸿分店
江苏,徐州,V2017,启辰徐州金山桥,徐州美悦汽车销售服务有限公司
江苏,南通,T2007,南通太平洋如皋（EV）,江苏太平洋汽车集团如皋服务有限公司
江苏,泰州,W2023,启辰泰州东风南方姜堰专营店华东汽车城分店,启辰泰州东风南方姜堰专营店华东汽车城分店
江苏,盐城,Q2012,太平洋东台直营店V,太平洋东台直营店V
江苏,徐州,Q2016,良宇泗阳直营店V,良宇泗阳直营店V
湖南,长沙,W2501,启辰长沙湘乾岳麓专营店浏阳分店,启辰长沙湘乾岳麓专营店浏阳分店
湖南,长沙,V2504,启辰长沙兰天星沙,长沙泰辰汽车销售有限公司
湖南,常德,V2513,启辰常德瑞丰,常德市瑞丰汽车销售服务有限公司
湖南,邵阳,V2515,启辰邵阳兰天大兴路,邵阳市兰天启辰汽车贸易有限公司
湖南,岳阳,V2516,启辰岳阳华强,岳阳华强汽车销售服务有限公司
湖南,长沙,V2501,启辰长沙兰天城南,湖南裕辰汽车销售有限公司
湖南,长沙,V2502,启辰长沙中拓瑞辰,湖南中拓瑞辰汽车销售服务有限公司
湖南,株洲,V2511,启辰株洲兰天汽车城,株洲市兰天启明汽车销售有限公司
湖南,长沙,V2503,启辰长沙湘乾岳麓,长沙湘乾汽车销售服务有限公司
湖南,怀化,V2525,启辰怀化恒裕,怀化市辰通汽车贸易有限公司
湖南,长沙,W2513,启辰长沙乾永岳麓专营店宁乡世家分店,启辰长沙乾永岳麓专营店宁乡世家分店
湖南,长沙,Q2501,南方建材浏阳大瑶直营店V,南方建材浏阳大瑶直营店V
湖南,长沙,Q2502,中拓瑞宁直营店V,中拓瑞宁直营店V
湖南,常德,Q2511,日丰桃源东辰直营店V,日丰桃源东辰直营店V
湖南,常德,Q2512,日丰石门直营店V,日丰石门直营店V
湖南,常德,Q2513,日丰汉寿直营店V,日丰汉寿直营店V
湖南,长沙,Q2515,兰天集团南县百援直营店V,兰天集团南县百援直营店V
湖南,长沙,Q2516,兰天集团沅江江军直营店V,兰天集团沅江江军直营店V
湖南,长沙,Q2517,兰天集团安化兰天直营店V,兰天集团安化兰天直营店V
湖南,岳阳,Q2518,华日湘阴惠友直营店V,华日湘阴惠友直营店V
湖南,长沙,Q2520,高卫集团衡东直营店V,高卫集团衡东直营店V
湖南,长沙,Q2521,日通宜章东宸直营店V,日通宜章东宸直营店V
湖南,长沙,Q2522,高卫集团宁远直营店V,高卫集团宁远直营店V
湖南,长沙,Q2523,高卫集团道县直营店V,高卫集团道县直营店V
湖南,长沙,Q2525,兰天集团邵东兰天直营店V,兰天集团邵东兰天直营店V
湖南,长沙,Q2526,兰天集团双峰直营店V,兰天集团双峰直营店V
湖南,长沙,Q2527,兰天集团新化直营店V,兰天集团新化直营店V
湖南,长沙,Q2528,九华集团湘乡鑫马直营店V,九华集团湘乡鑫马直营店V
湖南,长沙,Q2529,兰天集团新宁兰天直营店V,兰天集团新宁兰天直营店V
湖南,岳阳,Q2530,华日平江众通直营店V,华日平江众通直营店V
湖南,长沙,Q2531,兰天集团溆浦金鹰直营店V,兰天集团溆浦金鹰直营店V
湖南,长沙,V2505,启辰长沙兰天城西,湖南兰天嘉辰汽车销售有限公司
湖南,常德,Q2532,合畅龙山直营店V,合畅龙山直营店V
湖南,长沙,Q2519,九华集团湘潭县直营店V,九华集团湘潭县直营店V
湖南,常德,Q2533,皮记永顺直营店V,皮记永顺直营店V
湖南,张家界,V2523,启辰张家界华盛,张家界华盛汽车销售服务有限公司
湖南,长沙,Q2535,星沙望城直营店V,星沙望城直营店V
湖南,长沙,Q2536,物产中拓镇头直营店V,物产中拓镇头直营店V
湖南,长沙,Q2537,九华集团建鑫直营店V,九华集团建鑫直营店V
湖南,邵阳,Q2538,兰天集团武冈直营店V,兰天集团武冈直营店V
湖南,邵阳,Q2539,兰天集团靖州直营店V,兰天集团靖州直营店V
湖南,邵阳,Q2540,兰天集团沅陵直营店V,兰天集团沅陵直营店V
湖南,长沙,W2511,启辰长沙兰天城南专营店怀化分店,启辰长沙兰天城南专营店怀化分店
湖南,娄底,V2527,启辰娄底兰天,娄底市兰天龙辰汽车贸易有限公司
湖南,益阳,V2526,启辰益阳兰天,益阳兰辰汽车销售有限公司
湖南,岳阳,W2514,启辰岳阳华强平江宏众直营店,启辰岳阳华强平江宏众直营店
湖南,益阳,V2501B,启辰长沙兰天城南专营店桃江三星特约服务站,启辰长沙兰天城南专营店桃江三星特约服务站
湖南,邵阳,W2515,启辰邵阳兰天大兴路武冈直营店,启辰邵阳兰天大兴路武冈直营店
湖南,湘西土家族苗族自治州,V2521,启辰吉首储运,湘西自治州储运汽车销售服务有限公司
湖南,娄底,W2512,启辰长沙兰天城南专营店娄底分店,启辰长沙兰天城南专营店娄底分店
湖南,益阳,V2501A,启辰长沙兰天城南专营店沅江江军特约服务站,启辰长沙兰天城南专营店沅江江军特约服务站
湖南,岳阳,V2516A,启辰岳阳华强专营店平江众通特约服务站,启辰岳阳华强专营店平江众通特约服务站
湖南,岳阳,V2516D,启辰岳阳华强专营店华容文武特约服务站,启辰岳阳华强专营店华容文武特约服务站
湖南,岳阳,V2516B,启辰岳阳华强专营店汨罗君行天下特约服务站,启辰岳阳华强专营店汨罗君行天下特约服务站
湖南,岳阳,V2516C,启辰岳阳华强专营店湘阴县惠友特约服务站,启辰岳阳华强专营店湘阴县惠友特约服务站
江西,赣州,Q2417,萍乡东安上栗直营店V,萍乡东安上栗直营店V
湖南,衡阳,V2517A,启辰衡阳高鹏专营店祁东高卫特约服务站,启辰衡阳高鹏专营店祁东高卫特约服务站
广西,贺州,V3015,启辰贺州合利,贺州市合利汽车销售服务有限公司
江西,赣州,Q2420,东维汽车丰城东维直营店V,东维汽车丰城东维直营店V
江西,赣州,Q2415,和谐汽车乐平直营店V,和谐汽车乐平直营店V
江西,赣州,Q2418,东维汽车南康直营店V,东维汽车南康直营店V
江西,赣州,Q2423,东维汽车永新直营店V,东维汽车永新直营店V
江西,赣州,Q2416,萍乡东安莲花直营店V,萍乡东安莲花直营店V
江西,南昌,V2402,启辰南昌泰辰东湖,南昌市泰辰汽车销售服务有限公司
江西,南昌,W2401,启辰南昌泰辰东湖专营店红谷滩分店,启辰南昌泰辰东湖专营店红谷滩分店
江西,南昌,V2401,启辰江西友缘,启辰江西友缘
广西,桂林,V3012,启辰桂林弘辰,桂林弘帆启辰汽车销售服务有限公司
湖南,衡阳,V2517,启辰衡阳高鹏,衡阳市高鹏汽车销售服务有限公司
广西,梧州,V3016,启辰梧州合利辰,梧州市合利辰汽车销售服务有限公司
江西,九江,W2412,启辰九江友缘庐山专营店汽车城分店,启辰九江友缘庐山专营店汽车城分店
广西,桂林,Q3013,弘帆高鑫直营店V,弘帆高鑫直营店V
江西,新余,V2419,启辰新余利辰仙女湖,新余市利辰汽车销售服务有限公司
湖南,郴州,V2522,启辰郴州通九州宝恒,郴州宝恒汽车销售服务有限公司
江西,九江,W2415,启辰九江友缘庐山修水直营店,启辰九江友缘庐山修水直营店
江西,南昌,Q2401,洪都安义直营店V,洪都安义直营店V
江西,赣州,Q2421,东维汽车高安吉星直营店V,东维汽车高安吉星直营店V
江西,上饶,V2420,启辰上饶月亮湾汽车城,上饶市鼎辉汽车销售服务有限公司
江西,赣州,V2418,启辰赣州虔辰,赣州虔辰汽车销售服务有限公司
湖南,衡阳,W2516,启辰衡阳高鹏祁东直营店,启辰衡阳高鹏祁东直营店
江西,赣州,Q2428,东维汽车于都直营店V,东维汽车于都直营店V
江西,萍乡,W2418,启辰友缘萍乡直营店,启辰友缘萍乡直营店
江西,赣州,W2414,启辰赣州友缘于都直营店,启辰赣州友缘于都直营店
湖南,永州,W2517,东风启辰高辉宁远申华直营店,东风启辰高辉宁远申华直营店
江西,九江,W2419,启辰友缘汽车城直营店,启辰友缘汽车城直营店
江西,南昌,W2417,启辰南昌泰辰东湖进贤直营店,启辰南昌泰辰东湖进贤直营店
江西,赣州,Q2422,东维汽车青原直营店V,东维汽车青原直营店V
江西,鹰潭,W2416,启辰南昌泰辰东湖鹰潭直营店,启辰南昌泰辰东湖鹰潭直营店
湖南,永州,V2520,启辰永州高辉,永州市高辉汽车销售服务有限公司
江西,赣州,Q2426,东维汽车信州区直营店V,东维汽车信州区直营店V
江西,吉安,V2417,启辰吉安天辰,吉安市天宸汽车销售服务有限公司
江西,宜春,V2416,启辰高安江华,高安华辰汽车销售服务有限公司
湖南,衡阳,V2517B,启辰衡阳高鹏专营店新田福瑞特约服务站,启辰衡阳高鹏专营店新田福瑞特约服务站
江西,赣州,V2411,启辰赣州友缘,赣州友缘红金汽车销售服务有限公司
江西,赣州,Q2413,和谐汽车新华夏直营店V,和谐汽车新华夏直营店V
江西,赣州,Q2425,东维汽车新干直营店V,东维汽车新干直营店V
江西,赣州,Q2419,东维汽车定南直营店V,东维汽车定南直营店V
江西,赣州,W2413,启辰赣州友缘专营店城市展厅分店,启辰赣州友缘专营店城市展厅分店
江西,赣州,W2411,启辰赣州友缘专营店兴国分店,启辰赣州友缘专营店兴国分店
江西,九江,V2412,启辰九江友缘庐山,九江友缘汽车销售服务有限公司
广东,广州,V0002,花都全球自动变速箱,广州市花都全球自动变速箱有限公司
广西,玉林,V3013A,启辰玉林广利专营店博白盛宇特约服务站,启辰玉林广利专营店博白盛宇特约服务站
广西,崇左,V3001H,启辰南宁弘启专营店大新吉弘特约服务站,启辰南宁弘启专营店大新吉弘特约服务站
广西,玉林,V3013B,启辰玉林广利专营店容县菱通特约服务站,启辰玉林广利专营店容县菱通特约服务站
广西,防城港,W3014,启辰北海雄峰专营店防城港分店,启辰北海雄峰专营店防城港分店
广西,来宾,V3018,启辰来宾广利,来宾市利恒汽车销售服务有限公司
海南,海口,V3101,启辰海口东风南方启神,海南东风南方汽车销售服务有限公司美兰分公司
广西,柳州,V3011,启辰柳州航盛,柳州航盛航宇汽车销售服务有限公司
广西,南宁,V3001,启辰南宁弘启,南宁弘启汽车销售服务有限公司
广西,玉林,V3013,启辰玉林广利,玉林美盈汽车销售服务有限公司
海南,三亚,V3111,启辰三亚东风南方启佑,海南东风南方汽车销售服务有限公司亚龙湾分公司
广西,百色,V3017,启辰百色桂程,百色市桂程汽车销售服务有限公司
广西,南宁,V3002,启辰南宁康和科园,广西康和汽车销售服务有限公司
海南,琼海,V3112,启辰琼海东风南方启海,海南东风南方汽车销售服务有限公司琼海分公司
广西,河池,V3022,启辰河池雄峰,河池雄峰启程汽车有限公司
广西,玉林,W3013,启辰玉林广利专营店博白分店,启辰玉林广利专营店博白分店
广西,南宁,Q3011,合利丰岑溪飞龙直营店V,合利丰岑溪飞龙直营店V
广西,南宁,Q3012,蒙山新浪直营店V,蒙山新浪直营店V
广西,南宁,Q3015,广缘灵山直营店V,广缘灵山直营店V
广西,南宁,Q3016,广缘东信浦北直营店V,广缘东信浦北直营店V
广西,南宁,Q3017,广缘靖西直营店V,广缘靖西直营店V
广西,南宁,Q3019,弘池都安直营店V,弘池都安直营店V
广西,南宁,Q3018,弘池宜州直营店V,弘池宜州直营店V
海南,海口,Q3101,东风南方儋州直营店V,东风南方儋州直营店V
广西,柳州,Q3020,航盛融安直营店V,航盛融安直营店V
广西,南宁,Q3021,广缘右江直营店V,广缘右江直营店V
海南,海口,Q3102,东风南方东方直营店V,东风南方东方直营店V
海南,海口,Q3103,东风南方万宁直营店V,东风南方万宁直营店V
海南,海口,Q3105,东风南方文昌直营店V,东风南方文昌直营店V
海南,海口,Q3106,东风南方琼海直营店V,东风南方琼海直营店V
广西,钦州,V3024,启辰钦州雄峰车城,钦州雄峰启程汽车有限公司
广西,崇左,V3023,启辰崇左广利成友谊大道,崇左市广利成汽车销售服务有限公司
广西,北海,W3016,启辰北海雄峰合浦直营店,启辰北海雄峰合浦直营店
广西,钦州,W3017,启辰钦州雄峰车城专营店灵山直营店,启辰钦州雄峰车城专营店灵山直营店
广西,北海,W3015,启辰北海雄峰浦北东信直营店,启辰北海雄峰浦北东信直营店
广西,南宁,V3001D,启辰南宁弘启专营店贵港弘港特约服务站,启辰南宁弘启专营店贵港弘港特约服务站
广西,北海,W3012,启辰北海雄峰专营店钦州分店,启辰北海雄峰专营店钦州分店
,,W3018,启辰钦州雄峰车城专营店钦南直营店,启辰钦州雄峰车城专营店钦南直营店
广西,贵港,W3019,启辰贵港雄峰桂平鸿进直营店,启辰贵港雄峰桂平鸿进直营店
广西,贵港,W3022,启辰雄峰桂平鸿进直营店,启辰雄峰桂平鸿进直营店
海南,万宁,V3113,启辰万宁东风南方启吉,海南东风南方汽车销售服务有限公司万宁分公司
广西,钦州,W3023,启辰钦州雄峰车城专营店浦北直营店,启辰钦州雄峰车城专营店浦北直营店
广西,南宁,W3025,启辰南宁弘启宾阳直营店,启辰南宁弘启宾阳直营店
广西,玉林,V3013C,启辰玉林广利专营店北流万众达特约服务站,启辰玉林广利专营店北流万众达特约服务站
广西,梧州,V3001G,启辰南宁弘启专营店梧州钊尚特约服务站,启辰南宁弘启专营店梧州钊尚特约服务站
广西,贵港,V3021,启辰贵港雄峰,贵港雄峰骏里程汽车有限公司
广西,北海,V3020,启辰北海雄峰,北海雄峰顺景汽车销售服务有限公司
广西,北海,W3011,启辰北海雄峰专营店灵山分店,启辰北海雄峰专营店灵山分店
广西,河池,V3001B,启辰南宁弘启专营店大化荣通特约服务站,启辰南宁弘启专营店大化荣通特约服务站
广西,北海,V3001A,启辰南宁弘启专营店北海海城桂华特约服务站,启辰南宁弘启专营店北海海城桂华特约服务站
广西,北海,V3001I,启辰南宁弘启专营店合浦新源特约服务站,启辰南宁弘启专营店合浦新源特约服务站
广西,钦州,V3001F,启辰南宁弘启专营店灵山鑫远航特约服务站,启辰南宁弘启专营店灵山鑫远航特约服务站
广西,南宁,V3001K,启辰南宁弘启专营店宾阳荣华特约服务站,启辰南宁弘启专营店宾阳荣华特约服务站
广西,南宁,V3001J,启辰南宁弘启专营店钦州登峰特约服务站,启辰南宁弘启专营店钦州登峰特约服务站
广西,南宁,V3001E,启辰南宁弘启专营店河池长城特约服务站,启辰南宁弘启专营店河池长城特约服务站
广西,钦州,V3001C,启辰南宁弘启专营店钦州昌瑞特约服务站,启辰南宁弘启专营店钦州昌瑞特约服务站
四川,南充,Q1829,树生阆中直营店V,树生阆中直营店V
四川,南充,Q1820,新川南外直营店V,新川南外直营店V
四川,南充,W1815,启辰南充东风南方树生专营店营山分店,启辰南充东风南方树生专营店营山分店
四川,绵阳,Q1821,眉山超越仁寿直营店V,眉山超越仁寿直营店V
重庆,重庆,Q2613,东风南方盘县直营店V,东风南方盘县直营店V
重庆,重庆,V0401,启辰重庆东风南方渝达,重庆东风南方汽车销售服务有限公司
四川,广安,W1820,启辰东风南方树生专营店广安分店,启辰东风南方树生专营店广安分店
四川,绵阳,V1812,启辰绵阳东风南方绵发,四川东风南方汽车销售服务有限公司
四川,绵阳,W1816,启辰绵阳东风南方绵发专营店高水分店,启辰绵阳东风南方绵发专营店高水分店
四川,成都,Q1818,启阳攀西会理汇达直营店V,启阳攀西会理汇达直营店V
四川,成都,Q1817,启阳攀西西昌四友直营店V,启阳攀西西昌四友直营店V
重庆,重庆,V0406,启辰秀山盛源,秀山县盛源汽车服务有限公司
四川,南充,Q1827,树生南部直营店V,树生南部直营店V
重庆,重庆,V0402,启辰重庆东风南方渝风,重庆东风南方汽车销售服务有限公司渝东分公司
四川,成都,V1803,启辰都江堰星辰,都江堰星辰汽车销售有限公司
重庆,重庆,W0404,启辰龙都专营店开州分店,启辰龙都专营店开州分店
四川,内江,W1821,启辰东风南方遂兴专营店内江分店,启辰东风南方遂兴专营店内江分店
重庆,重庆,V0404,启辰万州龙都,重庆江辰汽车销售服务有限公司
四川,成都,V1804,启辰成都东风南方青羊成达,四川东风南方汽车销售服务有限公司成都青羊分公司
四川,南充,Q1822,树生阆中大圣直营店V,树生阆中大圣直营店V
重庆,重庆,W0403,启辰重庆东风南方渝达专营店江津直营店,启辰重庆东风南方渝达专营店江津直营店
四川,南充,W1822,启辰南充东风南方树生高坪直营店,启辰南充东风南方树生高坪直营店
四川,绵阳,W1817,启辰绵阳绵发专营店三台分店,启辰绵阳绵发专营店三台分店
四川,眉山,W1827,启辰东风南方青羊成达鑫宏光直营店,启辰东风南方青羊成达鑫宏光直营店
四川,泸州,V1819,启辰泸州东风南方江阳泸发,四川东风南方汽车销售服务有限公司泸州分公司
四川,绵阳,Q1813,联合峨眉直营店V,联合峨眉直营店V
重庆,重庆,V0405,启辰重庆铭兴盛泰,重庆铭兴盛泰汽车销售有限公司
四川,德阳,V1817,启辰德阳东风南方中凯,德阳东风南方西林汽车销售服务有限公司天元分公司
四川,成都,W1826,启辰成都东风南方双流成发专营店金堂直营店,启辰成都东风南方双流成发专营店金堂直营店
重庆,重庆,W0405,启辰东风南方渝达铜梁直营店,启辰东风南方渝达铜梁直营店
重庆,重庆,V0407,启辰重庆东风南方渝南,重庆东风南方汽车销售服务有限公司渝南分公司
四川,遂宁,V1816,启辰遂宁东风南方遂兴,遂宁东风南方汽车销售服务有限公司
四川,攀枝花,W1823,启辰东风南方成发鑫科鸿直营店,启辰东风南方成发鑫科鸿直营店
四川,内江,W1828,启辰成都东风南方双流成发专营店内江直营店,启辰成都东风南方双流成发专营店内江直营店
四川,乐山,V1811,启辰乐山联合,乐山市联合旭日汽车销售服务有限公司
四川,达州,V1814,启辰达州商驰,达州市海隆汽车销售服务有限公司
四川,绵阳,Q1812,联合白燕路直营店V,联合白燕路直营店V
四川,成都,Q1811,星和威远三和明威直营店V,星和威远三和明威直营店V
四川,西昌,W1831,启辰东风南方青羊成达锦泽直营店,启辰东风南方青羊成达锦泽直营店
四川,自贡,W1830,启辰东风南方自贡直营店,启辰东风南方自贡直营店
重庆,重庆,W0407,"启辰重庆东风南方渝达荣昌直营店	","启辰重庆东风南方渝达荣昌直营店	"
重庆,重庆,Q2612,通源黎平直营店V,通源黎平直营店V
重庆,重庆,Q0405,中汽西南都灵合川直营店V,中汽西南都灵合川直营店V
四川,成都,Q1825,建国天际金堂直营店V,建国天际金堂直营店V
四川,成都,Q1830,河田江北直营店V,河田江北直营店V
四川,成都,V1806,启辰成都东风南方双流成发,四川东风南方汽车销售服务有限公司成都分公司
四川,绵阳,Q1823,东风南方南湖直营店V,东风南方南湖直营店V
四川,南充,V1815,启辰南充东风南方树生,南充东风南方树生汽车销售服务有限公司
四川,广元,W1832,启辰绵阳东风南方绵发广元直营店,启辰绵阳东风南方绵发广元直营店
四川,成都,W1829,启辰成都东风南方青羊成达郫县直营店,启辰成都东风南方青羊成达郫县直营店
四川,绵阳,W1814,启辰绵阳东风南方绵发专营店南湖分店,启辰绵阳东风南方绵发专营店南湖分店
四川,遂宁,Q1826,东风南方明月路直营店V,东风南方明月路直营店V
四川,绵阳,W1818,启辰东风南方绵发专营店江油分店,启辰东风南方绵发专营店江油分店
四川,成都,Q1816,启阳攀西滨江路直营店V,启阳攀西滨江路直营店V
四川,成都,W1813,启辰成都启阳专营店西昌分店,启辰成都启阳专营店西昌分店
四川,成都,V1802,启辰成都启阳,成都启阳众泰汽车销售服务有限公司
重庆,重庆,W0406,启辰重庆东风南方渝风龙头寺直营店,启辰重庆东风南方渝风龙头寺直营店
四川,绵阳,W1812,启辰东风南方绵发专营店三台分店,启辰东风南方绵发专营店三台分店
四川,泸州,Q1815,泸州百通连江路直营店V,泸州百通连江路直营店V
四川,成都,W1811,启辰成都启阳专营店崇州分店,启辰成都启阳专营店崇州分店
四川,成都,Q1828,联合犍为直营店V,联合犍为直营店V
四川,宜宾,V1818,启辰宜宾河田江北,宜宾市玉琼河田汽车销售服务有限公司
重庆,重庆,Q0401,东风南方璧山直营店V,东风南方璧山直营店V
重庆,重庆,Q2611,通源名广直营店V,通源名广直营店V
甘肃,白银,V1311,启辰白银恒信启程,白银恒信启程汽车销售服务有限公司
青海,西宁,V1402,启辰西宁旭军,青海旭军汽车配件销售有限公司
青海,西宁,V1401,启辰西宁青鹏,青海海鹏汽车销售有限责任公司
陕西,西安,V1703,启辰西安远方通达,陕西远方通达汽车销售服务有限公司
甘肃,兰州,V1301,启辰兰州容华,甘肃容华汽车销售服务有限公司
甘肃,庆阳,V1315,启辰庆阳德昶,庆阳德昶商贸有限公司
陕西,宝鸡,V1712,启辰宝鸡福祥,陕西福祥汽车销售服务有限公司
陕西,渭南,V1713,启辰渭南广汇渭清,渭南佳辰汽车贸易有限责任公司
陕西,西安,V1701,启辰西安英和天台,西安畅通汽车销售服务有限公司
陕西,咸阳,V1711,启辰咸阳英和金旭,咸阳英和启辰汽车销售服务有限公司
陕西,榆林,V1716,启辰榆林榆佳,陕西榆佳汽车销售服务有限公司
陕西,咸阳,V1715,启辰咸阳福泽秦都,咸阳福泽汽车销售服务有限公司
陕西,榆林,Q1711,广汇韩城直营店V,广汇韩城直营店V
陕西,榆林,Q1712,广汇大荔直营店V,广汇大荔直营店V
陕西,榆林,Q1718,佳福靖边直营店V,佳福靖边直营店V
陕西,榆林,Q1201,京胜汽车兴庆直营店V,京胜汽车兴庆直营店V
陕西,榆林,Q1211,京胜汽车中卫直营店V,京胜汽车中卫直营店V
陕西,西安,Q1701,英和长安直营店V,英和长安直营店V
陕西,宝鸡,Q1716,福华扶风直营店V,福华扶风直营店V
陕西,咸阳,Q1713,英和渭城天一车城直营店V,英和渭城天一车城直营店V
陕西,咸阳,Q1715,英和渭城彬县凯信直营店V,英和渭城彬县凯信直营店V
陕西,汉中,V1718,启辰汉中合裕兴汉,汉中市合辰汽车销售服务有限公司
陕西,西安,Q1719,英和南二十里铺直营店V,英和南二十里铺直营店V
陕西,榆林,W1711,启辰榆林榆佳专营店咸阳分店,启辰榆林榆佳专营店咸阳分店
陕西,宝鸡,W1310,启辰宝鸡福祥专营店平凉百昌分店,启辰宝鸡福祥专营店平凉百昌分店
甘肃,平凉,V1314,启辰平凉鑫锐通,平凉鑫锐通汽车销售服务有限责任公司
陕西,安康,V1717,启辰安康合裕,陕西省安康市合裕汽车销售服务有限公司
甘肃,平凉,W1313,启辰平凉鑫锐通天水直营店,启辰平凉鑫锐通天水直营店
青海,西宁,Q1401,青鹏城东直营店V,青鹏城东直营店V
陕西,咸阳,W1712,启辰咸阳福泽秦都乾县直营店,启辰咸阳福泽秦都乾县直营店
青海,西宁,Q1301,兰州良志银滩直营店V,兰州良志银滩直营店V
甘肃,酒泉,W1311,启辰嘉峪关鑫通专营店敦煌分店,启辰嘉峪关鑫通专营店敦煌分店
甘肃,武威,V1312,启辰武威佳成,甘肃天利成汽车销售服务有限责任公司
新疆,阿克苏,V0813A,启辰阿克苏奕辉大欣专营店库车耀辉特约服务站,启辰阿克苏奕辉大欣专营店库车耀辉特约服务站
新疆,昌吉,W0817,"启辰昌吉汇京吉祥沙湾直营店	","启辰昌吉汇京吉祥沙湾直营店	"
新疆,库尔勒,W0815,"启辰库尔勒青丰巴州南城直营店	","启辰库尔勒青丰巴州南城直营店	"
新疆,库尔勒,V0811A,启辰库尔勒青丰巴州专营店若羌县森泰特约服务站,启辰库尔勒青丰巴州专营店若羌县森泰特约服务站
新疆,乌鲁木齐,V0802A,启辰乌鲁木齐卓辉赛博特专营店吐鲁番机电特约服务站,启辰乌鲁木齐卓辉赛博特专营店吐鲁番机电特约服务站
新疆,昌吉,V0812,启辰昌吉汇京吉祥,昌吉市汇京吉祥汽车销售服务有限公司
新疆,乌鲁木齐,V0803,启辰乌鲁木齐天中,新疆天汇华辰汽车销售服务有限公司
新疆,巴音郭楞蒙古自治州,V0811,启辰库尔勒青丰巴州,新疆青丰汽车销售服务有限公司
新疆,阿克苏,V0813,启辰阿克苏奕辉大欣,阿克苏君辉汽车销售服务有限公司
新疆,乌鲁木齐,V0802,启辰乌鲁木齐卓辉赛博特,新疆骐辉汽车销售服务有限公司
新疆,和田地区,V0817,启辰和田天中,和田天汇天中汽车销售服务有限公司
新疆,乌鲁木齐,V0803B,启辰乌鲁木齐天中专营店和田车友特约服务站,启辰乌鲁木齐天中专营店和田车友特约服务站
新疆,乌鲁木齐,Q0811,瑞丰华凌直营店V,瑞丰华凌直营店V
新疆,乌鲁木齐,Q0812,瑞丰车管所直营店V,瑞丰车管所直营店V
新疆,乌鲁木齐,Q0813,瑞丰焉耆直营店V,瑞丰焉耆直营店V
新疆,乌鲁木齐,Q0815,瑞丰轮台直营店V,瑞丰轮台直营店V
新疆,昌吉,Q0816,卓辉石河子直营店V,卓辉石河子直营店V
新疆,乌鲁木齐,W0811,启辰乌鲁木齐天中专营店和田分店,启辰乌鲁木齐天中专营店和田分店
新疆,乌鲁木齐,V0804,启辰乌鲁木齐卓辉友好,新疆吉辉汽车销售服务有限公司
新疆,哈密,V0818,启辰哈密万丰,哈密市万丰汽车销售有限公司
新疆,阿勒泰地区,W0814,启辰乌鲁木齐卓辉赛博特北屯守福直营店,启辰乌鲁木齐卓辉赛博特北屯守福直营店
宁夏,吴忠,V1201A,启辰银川赢胜专营店红寺堡宝通特约服务站,启辰银川赢胜专营店红寺堡宝通特约服务站
新疆,乌鲁木齐,Q0817,天中博乐直营店V,天中博乐直营店V
新疆,昌吉,Q0818,汇京昌盛奇台直营店V,汇京昌盛奇台直营店V
新疆,石河子,V0819,启辰石河子升辉,石河子市启辉汽车销售有限公司
新疆,库尔勒,Q0819,瑞丰车管所直营店V1,瑞丰车管所直营店V1
新疆,库尔勒,Q0820,瑞丰焉耆直营店V1,瑞丰焉耆直营店V1
新疆,库尔勒,Q0821,瑞丰轮台直营店V1,瑞丰轮台直营店V1
宁夏,银川,V1201,启辰银川赢胜,宁夏赢胜汽车销售服务有限公司
宁夏,固原,V1201B,启辰银川赢胜专营店固原宏达特约服务站,启辰银川赢胜专营店固原宏达特约服务站
湖北,襄阳,V0009,东风零服,东风（武汉）汽车零配件销售服务有限公司
新疆,昌吉,W0816,"启辰汇京吉祥奎屯直营店	","启辰汇京吉祥奎屯直营店	"
甘肃,嘉峪关,V1313,启辰嘉峪关鑫通,嘉峪关鑫通启辰汽车销售有限公司
新疆,石河子,W0812,启辰昌吉汇京吉祥专营店石河子分店,启辰昌吉汇京吉祥专营店石河子分店
甘肃,酒泉,W1312,启辰嘉峪关鑫通专营店酒泉分店,启辰嘉峪关鑫通专营店酒泉分店
新疆,喀什地区,V0816,启辰喀什煜辉,喀什煜辉汽车销售服务有限公司
新疆,伊犁,V0815,启辰伊犁天中,新疆天汇华辰汽车销售服务有限公司伊犁分公司
新疆,塔城地区,W0813,启辰卓辉赛博特塔城直营店,启辰卓辉赛博特塔城直营店
新疆,乌鲁木齐,V0802B,启辰乌鲁木齐卓辉赛博特专营店喀什永祥特约服务站,启辰乌鲁木齐卓辉赛博特专营店喀什永祥特约服务站
新疆,乌鲁木齐,V0803A,启辰乌鲁木齐天中专营店伊犁天阳特约服务站,启辰乌鲁木齐天中专营店伊犁天阳特约服务站
新疆,乌鲁木齐,V0803C,启辰乌鲁木齐天中专营店博乐宝源特约服务站,启辰乌鲁木齐天中专营店博乐宝源特约服务站
贵州,六盘水,Q2615,东风南方清镇直营店V,东风南方清镇直营店V
贵州,六盘水,W2601,启辰六盘水东风南方黔达专营店新添分店,启辰六盘水东风南方黔达专营店新添分店
贵州,遵义,V2614,启辰遵义东风南方长沙路,贵州东风南方汽车销售服务有限公司遵义汇川分公司
贵州,贵阳,W2602,启辰贵阳东风南方白云专营店息烽分店,启辰贵阳东风南方白云专营店息烽分店
云南,昆明,Q2713,滇西祥云直营店V（取消),滇西祥云直营店V（取消)
云南,曲靖,Q2718,中升珠江源直营店V,中升珠江源直营店V
贵州,贵阳,V2601,启辰贵阳东风南方白云,贵州东风南方汽车销售服务有限公司白云分公司
云南,玉溪,W2711,启辰昆明森华创业专营店玉溪分店,启辰昆明森华创业专营店玉溪分店
贵州,安顺,W2615,启辰贵阳东风南方白云专营店安顺分店,启辰贵阳东风南方白云专营店安顺分店
云南,大理,V2714,启辰大理东风南方东明,大理东风南方东明汽车销售服务有限公司
云南,曲靖,V2711,启辰曲靖中升兴业,曲靖中升兴业启辰汽车销售服务有限公司
贵州,六盘水,Q2616,东风南方开阳直营店V,东风南方开阳直营店V
贵州,贵阳,V2602,启辰贵阳东风南方孟关,贵州东风南方汽车销售服务有限公司孟关分公司
贵州,安顺,W2620,启辰贵阳东风南方白云专营店紫云直营店,启辰贵阳东风南方白云专营店紫云直营店
贵州,六盘水,V2613,启辰六盘水东风南方黔达,贵州六盘水东风南方汽车销售服务有限公司
贵州,遵义,W2621,启辰遵义东风南方长沙路专营店仁怀直营店,启辰遵义东风南方长沙路专营店仁怀直营店
云南,昆明,W2701,启辰东风南方三佳车立方直营店,启辰东风南方三佳车立方直营店
云南,曲靖,Q2715,森华天马开远直营店V,森华天马开远直营店V
云南,曲靖,Q2720,东风日产中升罗平直营店V,东风日产中升罗平直营店V
贵州,贵阳,Q2621,东风南方清镇直营店V（换）,东风南方清镇直营店V（换）
贵州,兴义,W2624,启辰六盘水东风南方黔达兴义直营店,启辰六盘水东风南方黔达兴义直营店
贵州,铜仁,W2622,启辰遵义东风南方长沙路铜仁直营店,启辰遵义东风南方长沙路铜仁直营店
贵州,六盘水,Q2618,东风南方仁怀直营店V,东风南方仁怀直营店V
贵州,遵义,W2625,启辰东风南方遵南直营店,启辰东风南方遵南直营店
贵州,黔南布依族苗族自治州,W2613,启辰贵阳东风南方白云专营店惠水分店,启辰贵阳东风南方白云专营店惠水分店
贵州,贵阳,W2627,启辰贵阳东风南方孟关专营店息烽直营店,启辰贵阳东风南方孟关专营店息烽直营店
贵州,兴义,W2626,启辰贵阳东风南方白云专营店兴义直营店,启辰贵阳东风南方白云专营店兴义直营店
云南,昆明,V2701,启辰昆明森华创业,云南中升启辰汽车销售服务有限公司
贵州,六盘水,W2612,启辰六盘水东风南方黔达专营店兴义分店,启辰六盘水东风南方黔达专营店兴义分店
云南,昆明,Q2711,中升骏通元谋直营店V,中升骏通元谋直营店V
贵州,安顺,V2612,启辰安顺恒信西秀,安顺恒信启程汽车销售服务有限公司
贵州,六盘水,W2619,启辰六盘水东风南方黔达专营店毕节直营店,启辰六盘水东风南方黔达专营店毕节直营店
云南,曲靖,Q2716,森华天马弥勒直营店V,森华天马弥勒直营店V
云南,德宏傣族景颇族自治州,V2712,启辰德宏弘信环东,德宏弘信汽车销售服务有限公司
贵州,毕节,W2623,启辰六盘水东风南方黔达黔西直营店,启辰六盘水东风南方黔达黔西直营店
云南,曲靖,Q2717,中升陆良直营店V,中升陆良直营店V
云南,红河哈尼族彝族自治州,V2715,启辰红河护国路观福,红河志辉汽车销售服务有限公司
云南,昆明,Q2712,中升骏通禄丰直营店V,中升骏通禄丰直营店V
云南,大理,Q2719,滇西祥云直营店V,滇西祥云直营店V
贵州,贵阳,W2618,启辰东风南方白云专营店凯里分店,启辰东风南方白云专营店凯里分店
云南,大理,V2713,启辰大理滇西,大理启程汽车销售服务有限公司
贵州,黔南布依族苗族自治州,W2617,启辰贵阳东风南方白云专营店福泉分店,启辰贵阳东风南方白云专营店福泉分店
云南,昆明,V2703,启辰昆明东风南方三佳,云南东风南方汽车销售服务有限公司
贵州,凯里,W2628,启辰东风南方孟关专营店凯里直营店,启辰东风南方孟关专营店凯里直营店
贵州,六盘水,W2616,启辰六盘水东风南方黔达专营店盘县分店,启辰六盘水东风南方黔达专营店盘县分店
贵州,贵阳,Q2620,东风南方开阳直营店V(换）,东风南方开阳直营店V(换）
贵州,六盘水,Q2619,东风南方湄潭直营店V,东风南方湄潭直营店V
贵州,六盘水,Q2617,东风南方六枝直营店V,东风南方六枝直营店V
云南,玉溪,V2716,启辰玉溪东风南方龙马,云南东风南方汽车销售服务有限公司玉溪红塔分公司
内蒙古自治区,兴安盟,V0718,启辰兴安盟利丰乌兰浩特,兴安盟利丰泰坤汽车服务有限公司
内蒙古自治区,锡林郭勒盟,V0719,启辰锡林浩特广兴锡盟,锡林浩特市广兴汽车贸易有限责任公司
内蒙古自治区,呼伦贝尔,V0723,启辰呼伦贝尔骏通,呼伦贝尔骏通汽车销售有限公司
辽宁,大连,V0918,启辰大连汽贸金三角,大连立博贸易有限公司
内蒙古自治区,呼伦贝尔,V0717,启辰呼伦贝尔庞大启源,呼伦贝尔庞大启源汽车销售服务有限公司
黑龙江,哈尔滨,V0503,启辰哈尔滨嘉鹏,哈尔滨瑞孚汽车销售服务有限公司文昌分公司
内蒙古自治区,通辽,W0716,启辰驰程专营店奈曼旗分店,启辰驰程专营店奈曼旗分店
内蒙古自治区,呼伦贝尔,W0713,启辰呼伦贝尔骏通专营店布特哈南路分店,启辰呼伦贝尔骏通专营店布特哈南路分店
吉林,长春,V0615,启辰长春一驰,长春一驰启宸汽车销售服务有限公司
辽宁,大连,V0913,启辰大连金佰利（EV）,大连金佰利汽车服务有限公司
辽宁,阜新,V0919,启辰阜新启N,阜新万星通汽车销售服务有限公司
吉林,长春,W0602,启辰长春金达洲恒驰洮南,启辰长春金达洲恒驰洮南
黑龙江,大庆,V0512,启辰大庆勤华汇盛,大庆勤华汇盛汽车销售服务有限公司
黑龙江,齐齐哈尔,V0511,启辰齐齐哈尔华宇瑞通,齐齐哈尔瑞辰汽车销售有限公司
吉林,吉林,V0611,启辰吉林融展瑞祥,吉林市融展瑞祥汽车销售有限责任公司
吉林,四平,V0612,启辰四平申同,四平市申同汽车销售有限公司
吉林,长春,V0601,启辰长春金达洲恒驰,长春恒驰汽车销售服务有限公司
辽宁,鞍山,V0911,启辰鞍山亿通东辰,鞍山亿通东辰汽车销售服务有限公司
辽宁,朝阳,V0915,启辰朝阳百盛,朝阳启辰汽车销售服务有限公司
辽宁,沈阳,V0901,启辰沈阳东北汽贸,辽宁瑞辰汽车销售服务有限公司
内蒙古自治区,包头,V0713,启辰包头东信世通,包头市东信世通汽车销售服务有限公司
内蒙古自治区,赤峰,V0711,启辰赤峰世航,赤峰世航汽车销售有限公司
内蒙古自治区,鄂尔多斯,V0712,启辰鄂尔多斯东信世宇,鄂尔多斯市东信世宇汽车销售服务有限公司
内蒙古自治区,呼和浩特,V0701,启辰呼和浩特利丰泰泽,内蒙古利丰泰津汽车服务有限公司
内蒙古自治区,乌海,V0716,启辰乌海泰德,乌海市东信泰德汽车销售服务有限公司
黑龙江,哈尔滨,V0501,启辰哈尔滨新纪元道里,哈尔滨铭盛二手车交易有限公司
辽宁,铁岭,V0916,启辰铁岭东北汽贸瑞辉,铁岭瑞辉汽车销售服务有限公司
辽宁,大连,V0912,启辰大连华圣西岗,大连华圣启辰汽车销售服务有限公司
内蒙古自治区,巴彦淖尔,V0720,启辰巴彦淖尔利丰泰泽,巴彦淖尔市利丰汽车行有限公司
辽宁,盘锦,V0917,启辰盘锦启通双兴路,盘锦启通汽车销售服务有限公司
辽宁,大连,T0911,大连华圣（EV）,大连华圣汽车销售服务有限公司
辽宁,沈阳,V0902,启辰沈阳新世纪,辽宁新世纪汽车销售服务有限公司
内蒙古自治区,包头,Q0711,东信金达东河直营店V,东信金达东河直营店V
内蒙古自治区,包头,Q0712,东信鑫达土右旗直营店V,东信鑫达土右旗直营店V
内蒙古自治区,赤峰,Q0713,世鹏（宁城直营店V）,世鹏（宁城直营店V）
内蒙古自治区,赤峰,Q0715,世鹏乌丹直营店V,世鹏乌丹直营店V
内蒙古自治区,鄂尔多斯,Q0716,东信通达达旗直营店V,东信通达达旗直营店V
内蒙古自治区,鄂尔多斯,Q0717,东信银达杭锦旗直营店V,东信银达杭锦旗直营店V
内蒙古自治区,鄂尔多斯,Q0718,东信银达乌审旗直营店V,东信银达乌审旗直营店V
内蒙古自治区,赤峰,Q0719,华楠中旗直营店V,华楠中旗直营店V
内蒙古自治区,赤峰,Q0720,华楠扎旗直营店V,华楠扎旗直营店V
内蒙古自治区,包头,Q0721,东信泰达五原直营店V,东信泰达五原直营店V
内蒙古自治区,包头,Q0722,东信泰达前旗直营店V,东信泰达前旗直营店V
内蒙古自治区,包头,Q0727,利丰奈曼直营店V,利丰奈曼直营店V
内蒙古自治区,包头,Q0728,嘉洋苏尼特右旗直营店V（变更）,嘉洋苏尼特右旗直营店V（变更）
吉林,四平,Q0611,申达公主岭直营店V,申达公主岭直营店V
吉林,四平,Q0612,申达伊通直营店V,申达伊通直营店V
吉林,四平,Q0613,申达双辽直营店V,申达双辽直营店V
吉林,四平,Q0615,广汇孚胜达白山直营店V,广汇孚胜达白山直营店V
吉林,四平,Q0616,广汇孚胜达集安直营店V,广汇孚胜达集安直营店V
吉林,四平,Q0617,广汇孚胜达梅河直营店V,广汇孚胜达梅河直营店V
吉林,四平,Q0618,融展众合直营店V（变更）,融展众合直营店V（变更）
辽宁,沈阳,Q0911,百盛北票直营店V,百盛北票直营店V
辽宁,沈阳,Q0912,百盛凌源直营店V,百盛凌源直营店V
辽宁,沈阳,Q0913,百盛建平直营店V,百盛建平直营店V
辽宁,沈阳,Q0915,阜新全一泡子直营店V,阜新全一泡子直营店V
辽宁,沈阳,Q0916,阜新全一彰武直营店V,阜新全一彰武直营店V
辽宁,鞍山,Q0917,亿通日成灯塔直营店V,亿通日成灯塔直营店V
辽宁,鞍山,Q0918,亿通东尼台安直营店V（变更）,亿通东尼台安直营店V（变更）
辽宁,沈阳,Q0919,英和东港直营店V,英和东港直营店V
辽宁,沈阳,Q0920,英和宽甸直营店V,英和宽甸直营店V
辽宁,沈阳,Q0921,英和调兵山直营店V,英和调兵山直营店V
辽宁,沈阳,Q0922,英和开原直营店V,英和开原直营店V
辽宁,铁岭,W0911,启辰沈阳东北汽贸铁岭分店,启辰沈阳东北汽贸铁岭分店
辽宁,鞍山,Q0923,亿通东亿台安直营店V,亿通东亿台安直营店V
内蒙古自治区,呼和浩特,Q0701,利丰泰津金海路直营店V,利丰泰津金海路直营店V
辽宁,沈阳,W0901,启辰沈阳东北汽贸专营店铁西分店,启辰沈阳东北汽贸专营店铁西分店
辽宁,抚顺,V0921,启辰抚顺汽贸新城路,抚顺市九誉汽车贸易有限公司
辽宁,沈阳,Q0925,英和大通盖州直营店V,英和大通盖州直营店V
黑龙江,大庆,Q0521,勤华瑞嘉肇州直营店V,勤华瑞嘉肇州直营店V
黑龙江,大庆,Q0522,勤华瑞嘉肇源直营店V,勤华瑞嘉肇源直营店V
吉林,吉林,Q0619,融展众合直营店V,融展众合直营店V
内蒙古自治区,兴安盟,W0718,启辰兴安盟亚龙扎旗直营店,启辰兴安盟亚龙扎旗直营店
内蒙古自治区,兴安盟,W0719,兴安盟亚龙林圆直营店,兴安盟亚龙林圆直营店
辽宁,丹东,W0904,启辰大连汽贸金三角丹东直营店,启辰大连汽贸金三角丹东直营店
黑龙江,哈尔滨,Q0526,新纪元通河直营店V,新纪元通河直营店V
黑龙江,哈尔滨,Q0523,融展兴邦依兰直营店V,融展兴邦依兰直营店V
黑龙江,哈尔滨,Q0525,融展东日延寿直营店V,融展东日延寿直营店V
内蒙古自治区,呼和浩特,Q0702,利丰泰津赛罕区直营店V,利丰泰津赛罕区直营店V
内蒙古自治区,呼和浩特,Q0730,利丰泰昌科左中旗直营店V,利丰泰昌科左中旗直营店V
吉林,吉林,Q0623,融展瑞合龙潭直营店V,融展瑞合龙潭直营店V
黑龙江,大庆,Q0625,融展集团望奎直营店V,融展集团望奎直营店V
内蒙古自治区,赤峰,W0711,启辰赤峰世航专营店林西分店,启辰赤峰世航专营店林西分店
吉林,吉林,Q0626,孚胜达辉南直营店V,孚胜达辉南直营店V
吉林,吉林,Q0627,融展瑞合桦甸直营店V,融展瑞合桦甸直营店V
吉林,吉林,Q0628,融展瑞合舒兰直营店V,融展瑞合舒兰直营店V
黑龙江,齐齐哈尔,Q0528,华宇瑞通泰来友邦直营店V,华宇瑞通泰来友邦直营店V
辽宁,盘锦,W0903,盘锦启通双兴路葫芦岛直营店,盘锦启通双兴路葫芦岛直营店
内蒙古自治区,赤峰,W0712,启辰赤峰世航专营店敖汉分店,启辰赤峰世航专营店敖汉分店
吉林,长春,W0601,启辰长春金达洲恒驰专营店高新分店,启辰长春金达洲恒驰专营店高新分店
内蒙古自治区,包头,V0725,启辰包头恒畅稀土路,包头恒畅汽车销售服务有限责任公司
内蒙古自治区,锡林浩特,W0714,启辰世航专营店锡林浩特分店,启辰世航专营店锡林浩特分店
内蒙古自治区,呼伦贝尔,W0715,启辰骏通专营店海拉尔分店,启辰骏通专营店海拉尔分店
辽宁,大连,W0902,启辰汽贸金三角专营店瓦房店分店,启辰汽贸金三角专营店瓦房店分店
吉林,长春,W0603,长春一驰华港直营店,长春一驰华港直营店
内蒙古自治区,乌兰察布,V0726,启辰乌兰察布新东辰,内蒙古新东辰汽车销售服务有限公司
内蒙古自治区,通辽,W0722,"启辰通辽驰程科左后旗直营店	","启辰通辽驰程科左后旗直营店	"
吉林,吉林,V0611A,启辰吉林融展瑞祥专营店桦甸安辰特约服务站,启辰吉林融展瑞祥专营店桦甸安辰特约服务站
吉林,吉林,V0611B,启辰吉林融展瑞祥专营店磐石众合特约服务站,启辰吉林融展瑞祥专营店磐石众合特约服务站
辽宁,沈阳,V0903,启辰沈阳东风南方沈河,辽宁东风南方汽车销售服务有限公司
辽宁,营口,W0905,启辰庄河金桥营口直营店,启辰庄河金桥营口直营店
辽宁,铁岭,V0922,启辰铁岭东风南方凡河,辽宁东风南方汽车销售服务有限公司铁岭分公司
黑龙江,哈尔滨,V0502,启辰哈尔滨东北汽贸瑞辰,哈尔滨瑞辰汽车贸易有限公司
黑龙江,绥化,V0515,启辰绥化兴邦,绥化融展兴邦汽车销售服务有限公司
内蒙古自治区,通辽,W0717,启辰驰程专营店扎鲁特旗分店,启辰驰程专营店扎鲁特旗分店
内蒙古自治区,通辽,V0724,启辰通辽驰程,通辽市鑫通汽车销售有限公司
内蒙古自治区,呼伦贝尔,W0721,启辰呼伦贝尔骏通莫旗直营店,启辰呼伦贝尔骏通莫旗直营店
辽宁,大连,V0920,启辰庄河金桥,庄河梓翔汽车销售有限公司
内蒙古自治区,兴安盟,V0722,启辰兴安盟亚龙,兴安盟亚龙汽车销售服务有限公司
内蒙古自治区,赤峰,V0711A,启辰赤峰世航专营店赤峰天山汽贸特约服务站,启辰赤峰世航专营店赤峰天山汽贸特约服务站
北京,北京一,W0101,启辰北京华盛昌辰和专营店昌平分店,启辰北京华盛昌辰和专营店昌平分店
河北,秦皇岛,V1011,启辰秦皇岛京翰,秦皇岛市京翰汽车销售有限公司
天津,天津,V0303,启辰天津友尚,天津友尚汽车销售有限公司
北京,北京一,Q0516,勤华瑞嘉肇源直营店V（变更）,勤华瑞嘉肇源直营店V（变更）
河北,唐山,V1015G,启辰唐山汇京唐誉专营店唐海鼎润特约服务站,启辰唐山汇京唐誉专营店唐海鼎润特约服务站
北京,北京一,T0103,北京航天正通（EV）,北京航天正通汽车销售服务有限公司
北京,北京一,Q0511,融展海伦宏展直营店V,融展海伦宏展直营店V
河北,承德,V1020,启辰承德庞大启鸿,承德庞大启鸿汽车销售有限公司
河北,秦皇岛,V1011D,启辰秦皇岛京翰专营店昌黎程程特约服务站,启辰秦皇岛京翰专营店昌黎程程特约服务站
北京,北京一,T0108,北京汇京鸿运（EV）,北京汇京鸿运汽车贸易发展有限公司
河北,唐山,V1015E,启辰唐山汇京唐誉专营店广通特约服务站,启辰唐山汇京唐誉专营店广通特约服务站
河北,秦皇岛,V1011G,启辰秦皇岛京翰专营店青龙众业达特约服务站,启辰秦皇岛京翰专营店青龙众业达特约服务站
北京,北京一,T0107,北京汇京世纪（EV）,北京汇京世纪汽车贸易发展有限公司
北京,北京一,V0106,启辰北京车友,北京东富车友汽车销售服务有限公司
河北,唐山,V1015,启辰唐山汇京唐誉,唐山汇京唐誉汽车销售服务有限责任公司
天津,天津,Q0301,浩物机电蓟县直营店V,浩物机电蓟县直营店V
河北,张家口,V1012,启辰张家口华联腾飞,张家口市华联腾飞汽车销售服务有限公司
北京,北京一,Q0519,融展伊春汇通直营店V,融展伊春汇通直营店V
天津,天津,V0304,启辰天津鹏兴静海,天津市鹏兴商贸有限公司
河北,张家口,Q1011,华联腾飞张北强大直营店V,华联腾飞张北强大直营店V
河北,张家口,Q1012,华联腾飞蔚县华众直营店V,华联腾飞蔚县华众直营店V
北京,北京一,V0109,启辰北京中汽雷日学院路,北京中汽雷日汽车有限公司
河北,承德,V1030,启辰平泉红海,平泉鸣海汽车销售有限公司
天津,天津,V0305,启辰天津广裕盛世,天津市广裕发汽车销售有限公司
北京,北京一,W0102,启辰北京华盛昌辰和专营店亚运村分店,启辰北京华盛昌辰和专营店亚运村分店
河北,廊坊,W1011,启辰北京华盛昌辰和专营店广阳分店,启辰北京华盛昌辰和专营店广阳分店
北京,北京一,Q0515,勤华瑞嘉肇州直营店V（变更）,勤华瑞嘉肇州直营店V（变更）
北京,北京一,Q0513,融展明水顺通直营店V,融展明水顺通直营店V
河北,唐山,V1015A,启辰唐山汇京唐誉专营店滦县鑫盛义特约服务站,启辰唐山汇京唐誉专营店滦县鑫盛义特约服务站
河北,秦皇岛,V1011E,启辰秦皇岛京翰专营店昌黎特约服务站,启辰秦皇岛京翰专营店昌黎特约服务站
北京,北京二,W0105,东风启辰北京华盛昌辰天密云直营店,东风启辰北京华盛昌辰天密云直营店
河北,秦皇岛,V1011F,启辰秦皇岛京翰专营店靖安程程特约服务站,启辰秦皇岛京翰专营店靖安程程特约服务站
北京,北京一,W0103,启辰北京华盛昌辰和专营店顺义分店,启辰北京华盛昌辰和专营店顺义分店
北京,北京一,Q0512,融展兰西远大直营店V,融展兰西远大直营店V
北京,北京一,T0102,北京中汽雷日（EV）,北京中汽雷日汽车有限公司
北京,北京一,T0105,北京福源（EV）,北京华盛福源汽车销售服务有限公司
天津,天津,V0301,启辰天津名濠,天津市通舆汽车销售服务有限公司
北京,北京一,W0104,启辰北京华盛昌辰和专营店房山分店,启辰北京华盛昌辰和专营店房山分店
河北,唐山,V1015C,启辰唐山汇京唐誉专营店乐亭运达特约服务站,启辰唐山汇京唐誉专营店乐亭运达特约服务站
河北,唐山,V1015F,启辰唐山汇京唐誉专营店南堡顺祥特约服务站,启辰唐山汇京唐誉专营店南堡顺祥特约服务站
河北,廊坊,W1013,启辰廊坊华盛昌辰悦专营店霸州分店,启辰廊坊华盛昌辰悦专营店霸州分店
北京,北京一,Q0520,运通富锦直营店V,运通富锦直营店V
北京,北京一,V0102,启辰北京华盛昌辰和,北京华盛昌辰和汽车贸易有限公司
河北,秦皇岛,V1011A,启辰秦皇岛京翰专营店卢龙津利特约服务站,启辰秦皇岛京翰专营店卢龙津利特约服务站
北京,北京一,T0101,北京东风南方亮马（EV）,北京东风南方亮马汽车销售服务有限公司
河北,唐山,V1022,启辰迁安汇京四通,迁安汇京四通汽车销售服务有限公司
北京,北京一,V0105,启辰北京庞大腾飞,北京庞大腾飞汽车销售服务有限公司
天津,天津,V0302,启辰天津名宣,天津市环舆汽车销售服务有限公司
北京,北京一,V0101,启辰北京东风南方大兴,北京三合兴华汽车销售服务有限公司
北京,北京一,T0106,北京森华佳运（EV）,北京中升奥通汽车销售服务有限公司
河北,廊坊,W1021,启辰廊坊华盛昌辰悦专营店广阳分店,启辰廊坊华盛昌辰悦专营店广阳分店
北京,北京一,Q0518,新纪元尚志直营店V,新纪元尚志直营店V
北京,北京一,Q0517,佳木斯运通友谊路直营店V,佳木斯运通友谊路直营店V
河北,廊坊,V1013,启辰廊坊华盛昌辰悦,廊坊华盛昌辰悦汽车贸易有限公司
河北,唐山,V1028,启辰唐山汇京唐辰,唐山汇京唐辰汽车销售服务有限责任公司
北京,北京一,V0103,启辰北京华盛昌辰天,北京华盛昌辰天汽车贸易有限公司
河北,唐山,V1015I,启辰唐山汇京唐誉专营店唐山丰润恒昌特约服务站,启辰唐山汇京唐誉专营店唐山丰润恒昌特约服务站
河北,唐山,V1015K,启辰唐山汇京唐誉专营店唐山丰润宏亚兴特约服务站,启辰唐山汇京唐誉专营店唐山丰润宏亚兴特约服务站
河北,唐山,V1015H,启辰唐山汇京唐誉专营店滦南荣成特约服务站,启辰唐山汇京唐誉专营店滦南荣成特约服务站
河北,唐山,V1015D,启辰唐山汇京唐誉专营店迁西永顺特约服务站,启辰唐山汇京唐誉专营店迁西永顺特约服务站
河北,秦皇岛,V1011H,启辰秦皇岛京翰专营店山海关启发特约服务站,启辰秦皇岛京翰专营店山海关启发特约服务站
河北,秦皇岛,V1011C,启辰秦皇岛京翰专营店昌黎翔通特约服务站,启辰秦皇岛京翰专营店昌黎翔通特约服务站
河北,唐山,V1015B,启辰唐山汇京唐誉专营店玉田福田特约服务站,启辰唐山汇京唐誉专营店玉田福田特约服务站
河北,秦皇岛,V1011B,启辰秦皇岛京翰专营店秦皇岛福瑞特约服务站,启辰秦皇岛京翰专营店秦皇岛福瑞特约服务站
河北,唐山,V1015J,启辰唐山汇京唐誉专营店滦县佳胜特约服务站,启辰唐山汇京唐誉专营店滦县佳胜特约服务站
山西,运城,W1115,启辰运城瑞嘉专营店平陆威武分店,启辰运城瑞嘉专营店平陆威武分店
山西,太原,V1104,启辰太原东风南方龙城,山西东风南方汽车销售服务有限公司
山西,运城,V1121,启辰运城瑞辰,运城市瑞辰汽车销售服务有限公司
山西,吕梁,W1112,启辰吕梁庞大离石聚源专营店汾阳分店,启辰吕梁庞大离石聚源专营店汾阳分店
山西,阳泉,W1138,启辰阳泉东风南方太行平定直营店,启辰阳泉东风南方太行平定直营店
山西,晋城,V1123,启辰晋城盛元辰瑞,晋城市盛元辰瑞汽车销售有限公司
山西,吕梁,W1113,启辰吕梁庞大离石聚源专营店孝义分店,启辰吕梁庞大离石聚源专营店孝义分店
山西,大同,V1117,启辰大同东佳,大同市东佳汽车销售有限公司
山西,晋中,V1116,启辰晋中东风南方汇盛,晋中汇辰汽车销售服务有限公司
山西,临汾,V1113,启辰临汾东利源,临汾东利源汽车销售服务有限公司
山西,太原,V1101,启辰太原东N,山西东N汽车销售有限公司
山西,太原,V1102,启辰太原汇泽,太原汇润汽车销售服务有限公司
山西,运城,V1115,启辰运城瑞嘉,山西诺维兰集团运城瑞嘉汽车销售服务有限公司
山西,长治,V1111,启辰长治蓝池赛龙城北,长治市蓝池赛龙汽车销售服务有限公司
山西,吕梁,V1118,启辰吕梁庞大离石聚源,吕梁市庞大聚源汽车销售服务有限公司
山西,朔州,V1120,启辰朔州汇海安泰,朔州启辰汽车销售服务有限公司
山西,太原,V1122,启辰太原东风南方北城,山西东风南方汽车销售服务有限公司北城分公司　
山西,晋城,W1122,启辰盛元辰瑞专营店高平分店,启辰盛元辰瑞专营店高平分店
山西,太原,Q1111,云岗阳高正大直营店V,云岗阳高正大直营店V
山西,太原,Q1112,永阳盂县直营店V,永阳盂县直营店V
山西,太原,Q1113,永阳平定直营店V,永阳平定直营店V
山西,晋中,Q1117,汇盛寿阳直营店V,汇盛寿阳直营店V
山西,晋中,Q1118,汇盛平遥直营店V,汇盛平遥直营店V
山西,太原,Q1119,云岗灵丘芦笛直营店V,云岗灵丘芦笛直营店V
山西,太原,Q1115,晋昌原平直营店V,晋昌原平直营店V
山西,太原,Q1116,晋昌代县直营店V,晋昌代县直营店V
山西,太原,Q1101,汇港太钢直营店V,汇港太钢直营店V
山西,阳泉,V1124,启辰阳泉东风南方太行,阳泉东风南方汽车销售服务有限公司
山西,临汾,V1125,启辰临汾东风南方尧都,山西东风南方汽车销售服务有限公司临汾分公司　
山西,晋中,W1123,启辰晋中东风南方汇盛介休隆运,启辰晋中东风南方汇盛介休隆运
山西,晋城,W1118,启辰晋城盛元辰瑞专营店陵川分店,启辰晋城盛元辰瑞专营店陵川分店
山西,运城,W1111,启辰运城瑞嘉专营店永济分店,启辰运城瑞嘉专营店永济分店
山西,临汾,Q1120,东盛源霍州直营店V,东盛源霍州直营店V
山西,运城,Q1121,瑞盈河津直营店V,瑞盈河津直营店V
山西,晋中,W1124,启辰晋中东风南方汇盛灵石铭诚直营店,启辰晋中东风南方汇盛灵石铭诚直营店
山西,吕梁,W1125,启辰太原东风南方龙城专营店汾阳直营店,启辰太原东风南方龙城专营店汾阳直营店
山西,吕梁,W1126,启辰太原东风南方龙城专营店孝义直营店,启辰太原东风南方龙城专营店孝义直营店
山西,临汾,W1127,启辰临汾东风南方尧都翼城直营店,启辰临汾东风南方尧都翼城直营店
山西,临汾,W1128,启辰临汾东风南方尧都曲沃直营店,启辰临汾东风南方尧都曲沃直营店
山西,晋城,W1130,启辰晋城盛元辰瑞中原街直营店,启辰晋城盛元辰瑞中原街直营店
山西,晋中,W1131,启辰晋中东风南方汇盛榆社众和直营店,启辰晋中东风南方汇盛榆社众和直营店
山西,阳泉,W1136,启辰阳泉东风南方太行盂县直营店,启辰阳泉东风南方太行盂县直营店
山西,忻州,V1126,启辰忻州东风南方忻府,山西东风南方汽车销售服务有限公司忻州分公司
山西,长治,V1111A,启辰长治蓝池赛龙城北专营店沁源特约服务站,启辰长治蓝池赛龙城北专营店沁源特约服务站
山西,晋中,W1132,启辰晋中东风南方汇盛平遥翔驭直营店,启辰晋中东风南方汇盛平遥翔驭直营店
山西,晋城,W1117,启辰晋城盛元辰瑞专营店端氏分店,启辰晋城盛元辰瑞专营店端氏分店
山西,运城,W1116,启辰运城瑞嘉专营店绛县楠华分店,启辰运城瑞嘉专营店绛县楠华分店
山西,长治,W1120,启辰长治蓝池赛龙城北专营店襄垣分店,启辰长治蓝池赛龙城北专营店襄垣分店
山西,晋城,W1121,启辰晋城盛元辰瑞专营店巴公分店,启辰晋城盛元辰瑞专营店巴公分店
山西,临汾,W1129,启辰临汾东风南方尧都洪洞直营店,启辰临汾东风南方尧都洪洞直营店
山西,晋城,W1119,启辰晋城盛元辰瑞专营店中原街分店,启辰晋城盛元辰瑞专营店中原街分店
河北,保定,W1040,启辰保定东风南方和顺专营店定兴分店,启辰保定东风南方和顺专营店定兴分店
河北,沧州,W1038,启辰任丘东风南方泰丽专营店肃宁分店,启辰任丘东风南方泰丽专营店肃宁分店
河北,沧州,V1017K,启辰沧州东风南方沧运专营店青县煜琳特约服务站,启辰沧州东风南方沧运专营店青县煜琳特约服务站
河北,沧州,W1025,启辰沧州东风南方沧运专营店东光分店,启辰沧州东风南方沧运专营店东光分店
河北,邯郸,W1033,启辰邯郸东风南方北环专营店涉县分店,启辰邯郸东风南方北环专营店涉县分店
河北,邯郸,V1016B,启辰邯郸东风南方北环专营店涉县杰瑞特约服务站,启辰邯郸东风南方北环专营店涉县杰瑞特约服务站
河北,邢台,W1051,启辰邢台蓝池鼎龙专营店威县直营店,启辰邢台蓝池鼎龙专营店威县直营店
河北,沧州,W1014,启辰沧州东风南方沧运专营店任丘分店,启辰沧州东风南方沧运专营店任丘分店
河北,保定,V1019E,启辰保定东风南方和顺专营店顺平翔通特约服务站,启辰保定东风南方和顺专营店顺平翔通特约服务站
河北,沧州,V1017E,启辰保定东风南方和顺专营店青县祥通特约服务站,启辰保定东风南方和顺专营店青县祥通特约服务站
河北,沧州,V1017B,启辰保定东风南方和顺专营店吴桥铃力特约服务站,启辰保定东风南方和顺专营店吴桥铃力特约服务站
河北,邯郸,V1016H,启辰邯郸东风南方北环专营店魏县通达特约服务站,启辰邯郸东风南方北环专营店魏县通达特约服务站
河北,邯郸,V1016F,启辰邯郸东风南方北环专营店曲周鑫马特约服务站,启辰邯郸东风南方北环专营店曲周鑫马特约服务站
河北,邢台,V1021A,启辰邢台蓝池赛龙专营店清河汽车城特约服务站,启辰邢台蓝池赛龙专营店清河汽车城特约服务站
河北,邯郸,W1034,启辰邯郸东风南方北环专营店魏县分店,启辰邯郸东风南方北环专营店魏县分店
河北,沧州,V1017D,启辰保定东风南方和顺专营店海兴瑞腾特约服务站,启辰保定东风南方和顺专营店海兴瑞腾特约服务站
河北,沧州,V1029,启辰沧州东风南方沧运开发区,沧州东风南方沧运汽车销售服务有限公司新华分公司
河北,沧州,V1017,启辰沧州东风南方沧运,沧州东风南方沧运汽车销售服务有限公司
河北,邯郸,V1016K,启辰邯郸东风南方北环专营店临漳圣恩特约服务站,启辰邯郸东风南方北环专营店临漳圣恩特约服务站
河北,保定,V1019A,启辰保定东风南方和顺专营店徐水腾达特约服务站,启辰保定东风南方和顺专营店徐水腾达特约服务站
河北,保定,W1017,启辰保定东风南方和顺专营店曲阳分店,启辰保定东风南方和顺专营店曲阳分店
河北,邯郸,V1016D,启辰邯郸东风南方北环专营店邱县亿隆特约服务站,启辰邯郸东风南方北环专营店邱县亿隆特约服务站
河北,邯郸,V1016C,启辰邯郸东风南方北环专营店广平华森特约服务站,启辰邯郸东风南方北环专营店广平华森特约服务站
河北,保定,V1019B,启辰保定东风南方和顺专营店涞水鑫大特约服务站,启辰保定东风南方和顺专营店涞水鑫大特约服务站
河北,保定,Q1033,东风南方涞源直营店V,东风南方涞源直营店V
河北,保定,V1026,启辰保定东风南方和兴,河北东风南方汽车销售服务有限公司保定分公司
河北,沧州,V1017F,启辰保定东风南方和顺专营店肃宁光明特约服务站,启辰保定东风南方和顺专营店肃宁光明特约服务站
河北,保定,W1024,启辰保定东风南方和顺专营店容城分店,启辰保定东风南方和顺专营店容城分店
河北,衡水,V1018,启辰衡水蓝池滨湖赛龙,衡水蓝池赛龙汽车销售服务有限公司
河北,石家庄,V1001,启辰石家庄金启源,河北金启源汽车贸易有限公司
河北,邢台,V1021,启辰邢台蓝池赛龙,邢台蓝池赛龙汽车销售服务有限公司
河北,邯郸,V1016,启辰邯郸东风南方北环,邯郸市东风南方汽车销售服务有限公司
河北,石家庄,V1002,启辰石家庄华绅,河北华绅汽车销售服务有限公司
河北,石家庄,W1001,启辰东风南方联德专营店辛集分店,启辰东风南方联德专营店辛集分店
河北,石家庄,Q1001,联德藁城直营店V,联德藁城直营店V
河北,石家庄,Q1002,联德行唐直营店V,联德行唐直营店V
河北,石家庄,Q1003,联德赵县直营店V,联德赵县直营店V
河北,石家庄,Q1005,联德高邑直营店V,联德高邑直营店V
河北,石家庄,Q1006,恒辰辛集直营店V,恒辰辛集直营店V
河北,石家庄,Q1007,恒辰晋州直营店V,恒辰晋州直营店V
河北,邢台,Q1020,圣士龙清河直营店V,圣士龙清河直营店V
河北,邢台,Q1021,圣士龙巨鹿直营店V,圣士龙巨鹿直营店V
河北,邢台,Q1022,华腾中华北直营店V,华腾中华北直营店V
河北,邢台,V1043,启辰邢台蓝池赛龙专营店威县直营店,启辰邢台蓝池赛龙专营店威县直营店
河北,保定,W1027,启辰保定东风南方和顺专营店满城分店,启辰保定东风南方和顺专营店满城分店
河北,沧州,V1017C,启辰保定东风南方和顺专营店河间谢氏特约服务站,启辰保定东风南方和顺专营店河间谢氏特约服务站
河北,邢台,Q1029,邯郸富信武安直营店V,邯郸富信武安直营店V
河北,邢台,Q1030,富信涉县直营店V,富信涉县直营店V
河北,保定,V1019,启辰保定东风南方和顺,保定东风南方汽车销售服务有限公司
河北,邯郸,V1016E,启辰邯郸东风南方北环专营店成安乾通特约服务站,启辰邯郸东风南方北环专营店成安乾通特约服务站
河北,邯郸,W1016,启辰邯郸东风南方北环专营店武安分店,启辰邯郸东风南方北环专营店武安分店
河北,邯郸,W1022,启辰邯郸东风南方北环专营店大名分店,启辰邯郸东风南方北环专营店大名分店
河北,保定,W1029,启辰保定东风南方和顺专营店定州分店,启辰保定东风南方和顺专营店定州分店
河北,邯郸,W1023,启辰邯郸东风南方北环专营店馆陶分店,启辰邯郸东风南方北环专营店馆陶分店
河北,沧州,Q1027,东风南方黄骅直营店V,东风南方黄骅直营店V
河北,沧州,W1046,启辰沧州东风南方沧运开发区专营店东光直营店,启辰沧州东风南方沧运开发区专营店东光直营店
河北,沧州,W1048,启辰沧州东风南方沧运开发区专营店青县直营店,启辰沧州东风南方沧运开发区专营店青县直营店
河北,邢台,W1042,启辰蓝池赛龙专营店平乡分店,启辰蓝池赛龙专营店平乡分店
河北,石家庄,V1004,启辰石家庄东风南方尚德,石家庄东风南方汽车销售服务有限公司尚德分公司
河北,邯郸,W1053,启辰邯郸东风南方北环馆陶直营店,启辰邯郸东风南方北环馆陶直营店
河北,保定,W1056,"启辰保定东风南方和顺望都直营店	","启辰保定东风南方和顺望都直营店	"
河北,保定,V1023A,启辰保定东风南方涿州专营店涞水鑫大特约服务站,启辰保定东风南方涿州专营店涞水鑫大特约服务站
山西,晋城,V1112,启辰晋城华锋,启辰晋城华锋
河北,沧州,W1060,启辰沧州东风南方沧运专营店河间直营店,启辰沧州东风南方沧运专营店河间直营店
河北,沧州,W1061,启辰沧州东风南方沧运专营店肃宁直营店,启辰沧州东风南方沧运专营店肃宁直营店
河北,邯郸,V1016J,启辰邯郸东风南方北环专营店马头万美特约服务站,启辰邯郸东风南方北环专营店马头万美特约服务站
河北,石家庄,W1054,启辰石家庄东风南方联德行唐直营店,启辰石家庄东风南方联德行唐直营店
河北,沧州,W1057,启辰沧州东风南方沧运南皮直营店,启辰沧州东风南方沧运南皮直营店
河北,石家庄,W1055,启辰石家庄东风南方联德元氏直营店,启辰石家庄东风南方联德元氏直营店
河北,沧州,W1050,启辰沧州东风南方沧运开发区专营店黄骅直营店,启辰沧州东风南方沧运开发区专营店黄骅直营店
河北,保定,V1023,启辰保定东风南方涿州,河北东风南方汽车销售服务有限公司涿州分公司
河北,沧州,W1039,启辰沧州东风南方沧运专营店黄骅分店,启辰沧州东风南方沧运专营店黄骅分店
河北,沧州,V1017J,启辰沧州东风南方沧运专营店河间同兴特约服务站,启辰沧州东风南方沧运专营店河间同兴特约服务站
河北,邯郸,V1016A,启辰邯郸东风南方北环专营店永年众腾特约服务站,启辰邯郸东风南方北环专营店永年众腾特约服务站
河北,邯郸,V1016G,启辰邯郸东风南方北环专营店鸡泽宝顺特约服务站,启辰邯郸东风南方北环专营店鸡泽宝顺特约服务站
河北,邯郸,V1016L,启辰邯郸东风南方北环专营店峰峰火火特约服务站,启辰邯郸东风南方北环专营店峰峰火火特约服务站
河北,沧州,W1035,启辰任丘东风南方泰丽专营店河间分店,启辰任丘东风南方泰丽专营店河间分店
河北,保定,W1020,启辰保定东风南方和顺专营店唐县分店,启辰保定东风南方和顺专营店唐县分店
河北,沧州,W1030,启辰沧州东风南方沧运专营店青县分店,启辰沧州东风南方沧运专营店青县分店
河北,邢台,W1052,启辰蓝池鼎龙专营店平乡直营店,启辰蓝池鼎龙专营店平乡直营店
河北,邯郸,W1032,启辰邯郸东风南方北环专营店邱县分店,启辰邯郸东风南方北环专营店邱县分店
河北,沧州,W1031,启辰沧州东风南方沧运专营店盐山分店,启辰沧州东风南方沧运专营店盐山分店
河北,邯郸,V1016I,启辰邯郸东风南方北环专营店磁县纵横特约服务站,启辰邯郸东风南方北环专营店磁县纵横特约服务站
河北,邢台,W1036,启辰邢台蓝池赛龙专营店宁晋分店,启辰邢台蓝池赛龙专营店宁晋分店
河北,保定,W1012,启辰保定东风南方和顺专营店高碑店分店,启辰保定东风南方和顺专营店高碑店分店
河北,石家庄,W1002,启辰东风南方联德专营店晋州分店,启辰东风南方联德专营店晋州分店
河北,邢台,V1025,启辰邢台蓝池鼎龙,邢台鼎龙汽车销售服务有限公司
河北,保定,Q1032,东风南方高阳直营店V,东风南方高阳直营店V
河北,沧州,V1017A,启辰保定东风南方和顺专营店盐山浩泽特约服务站,启辰保定东风南方和顺专营店盐山浩泽特约服务站
河北,邢台,W1043,启辰邢台蓝池赛龙威县直营店,启辰邢台蓝池赛龙威县直营店
河北,邢台,W1037,启辰邢台蓝池赛龙专营店南宫分店,启辰邢台蓝池赛龙专营店南宫分店
河北,石家庄,V1003,启辰石家庄东风南方联德,石家庄东风南方汽车销售服务有限公司
河北,邢台,W1041,启辰蓝池赛龙专营店巨鹿分店,启辰蓝池赛龙专营店巨鹿分店
河北,保定,V1019D,启辰保定东风南方和顺专营店安国竣祥特约服务站,启辰保定东风南方和顺专营店安国竣祥特约服务站
河北,衡水,W1028,启辰衡水蓝池滨湖赛龙专营店深州分店,启辰衡水蓝池滨湖赛龙专营店深州分店
河北,沧州,W1047,启辰沧州东风南方沧运开发区专营店泊头直营店,启辰沧州东风南方沧运开发区专营店泊头直营店
河北,沧州,W1026,启辰沧州东风南方沧运专营店泊头分店,启辰沧州东风南方沧运专营店泊头分店
河北,沧州,V1027,启辰任丘东风南方泰丽,任丘东风南方泰丽汽车销售服务有限公司
河北,保定,V1019C,启辰保定东风南方和顺专营店定州云天特约服务站,启辰保定东风南方和顺专营店定州云天特约服务站
河北,沧州,W1049,启辰沧州东风南方沧运开发区专营店盐山直营店,启辰沧州东风南方沧运开发区专营店盐山直营店
河北,保定,Q1016,力宏雄县东军直营店V,力宏雄县东军直营店V
河北,保定,V1019F,启辰保定东风南方和顺专营店安新伟光特约服务站,启辰保定东风南方和顺专营店安新伟光特约服务站
湖北,襄阳,T9933,东风襄阳旅行车有限公司,东风襄阳旅行车有限公司
北京,北京一,V0107,启辰北京中汽雷日,北京中汽雷日汽车有限公司
北京,北京一,V0108,启辰北京东风南方亮马,北京东风南方亮马汽车销售服务有限公司
广东,东莞,Q2928,东风南方桥头直营店V,东风南方桥头直营店V
广东,深圳,Q2938,春天大埔直营店V,春天大埔直营店V
广东,东莞,W2920,启辰东莞东风南方东兴专营店虎门分店,启辰东莞东风南方东兴专营店虎门分店
广东,东莞,V2911,启辰东莞东风南方东兴,东莞东风南方汽车销售服务有限公司厚街启辰分公司
广东,中山,V2916,启辰中山东月,中山市东月汽车有限公司
广东,珠海,V2918,启辰珠海南星,珠海风翔贸易有限公司
广东,珠海,V2946,启辰珠海通九州泰锋,珠海市通九州汽车销售有限公司
广东,珠海,Q2925,风神南屏吉大九洲直营店V,风神南屏吉大九洲直营店V
广东,珠海,W2912,启辰珠海南星专营店斗门分店,启辰珠海南星专营店斗门分店
广东,中山,Q2936,东日黄圃直营店V,东日黄圃直营店V
广东,东莞,V2949,启辰东莞东风南方南城,东莞东风南方汽车销售服务有限公司石鼓分公司
广东,珠海,W2931,启辰珠海南星专营店南屏分店,启辰珠海南星专营店南屏分店
广东,深圳,W2952,启辰深圳东风南方华龙观澜直营店,启辰深圳东风南方华龙观澜直营店
广东,中山,W2939,启辰中山东月专营店南朗分店,启辰中山东月专营店南朗分店
广东,东莞,W2919,启辰东莞东风南方东兴专营店万江分店,启辰东莞东风南方东兴专营店万江分店
广东,深圳,W2949,深圳东风南方华景香蜜湖直营店,深圳东风南方华景香蜜湖直营店
广东,东莞,V2950,启辰东莞东风南方富民,东莞东风南方汽车销售服务有限公司大朗分公司
广东,东莞,W2971,启辰东莞东风南方寮辰东城直营店,启辰东莞东风南方寮辰东城直营店
广东,东莞,V2912,启辰东莞东风南方东深,东莞东风南方汽车销售服务有限公司樟木头分公司
广东,深圳,V2923,启辰深圳东风南方华辰,深圳东风南方汽车销售服务有限公司香蜜湖分公司
广东,中山,V2939,启辰中山世纪,中山市创世纪名城汽车有限公司
广东,珠海,W2935,启辰珠海南星专营店上冲分店,启辰珠海南星专营店上冲分店
广东,深圳,V2927,启辰深圳东风南方华景,深圳东风南方汽车销售服务有限公司横岗分公司
广东,深圳,V2926,启辰深圳东风南方华龙,深圳东风南方汽车销售服务有限公司龙华分公司
广东,东莞,W2918,启辰东莞东风南方东深专营店汽车城分店,启辰东莞东风南方东深专营店汽车城分店
广东,东莞,W2926,启辰东莞东风南方东兴专营店中堂分店,启辰东莞东风南方东兴专营店中堂分店
广东,东莞,Q2932,通九州乐昌昌源直营店V,通九州乐昌昌源直营店V
广东,东莞,Q2933,通九州新丰直营店V,通九州新丰直营店V
广东,东莞,V2945,启辰东莞东风南方寮辰,东莞东风南方汽车销售服务有限公司寮辰分公司
广东,佛山,V2913,启辰佛山雄峰,佛山市雄峰启程汽车有限公司
广东,佛山,V2933,启辰顺德桂辰,佛山市桂辰汽车销售服务有限公司
广东,广州,W2907,启辰广州迎宾番禺专营店南沙分店,启辰广州迎宾番禺专营店南沙分店
广东,广州,W2906,启辰广州荔湾芳村专营店南沙分店,启辰广州荔湾芳村专营店南沙分店
广东,广州,V0001,车巴巴（启辰）,东风日产数据服务有限公司
广东,广州,W2905,启辰广州万江专营店奥锦分店,启辰广州万江专营店奥锦分店
广东,佛山,W2921,启辰佛山禅车城专营店高明分店,启辰佛山禅车城专营店高明分店
广东,顺德,W2942,启辰顺德桂辰专营店大良分店,启辰顺德桂辰专营店大良分店
广东,广州,V2906,启辰广州东风南方东泰,广东东舰汽车销售服务有限公司
广东,广州,V2903,启辰广州万江,广州万江汽车贸易有限公司
广东,广州,V2901,启辰广州东风南方广辰,广州东风南方广辰汽车销售服务有限公司
广东,广州,V2902,启辰广州东风南方利辰,广州东风南方利辰汽车销售服务有限公司
广东,广州,V2936,启辰广州荔湾芳村,广东喜龙日产汽车销售服务有限公司
其它,其它,T2909,启辰广州东风置业,广州市东风南方实业有限责任公司
广东,广州,V2907,启辰广州腾逸达,广州腾逸达汽车销售服务有限公司
广东,佛山,V2947,启辰佛山旭辰,佛山市旭辰汽车销售服务有限公司
广东,广州,W2904,启辰广州东风南方利辰专营店增城分店,启辰广州东风南方利辰专营店增城分店
广东,广州,W2902,启辰广州万江专营店建设北分店,启辰广州万江专营店建设北分店
广东,广州,W2901,启辰广州万江专营店滨湖分店,启辰广州万江专营店滨湖分店
广东,广州,W2927,启辰广州万江专营店从化分店,启辰广州万江专营店从化分店
广东,云浮,V2915A,启辰佛山禅车城专营店云浮新协成特约服务站,启辰佛山禅车城专营店云浮新协成特约服务站
广东,佛山,V2915,启辰佛山禅车城,佛山市泰辰汽车销售服务有限公司
广东,广州,T2901,广州广裕（EV）,广州市佳奔汽车贸易有限公司
广东,佛山,W2959,启辰桂辰龙江博骏达直营店,启辰桂辰龙江博骏达直营店
广东,佛山,W2958,启辰佛山桂辰杏坛东臻直营店,启辰佛山桂辰杏坛东臻直营店
广东,佛山,W2964,启辰佛山雄峰里水直营店,启辰佛山雄峰里水直营店
广东,广州,V2908,启辰广州东风南方新塘,广州东风南方汽车销售服务有限公司新塘分公司
广东,佛山,W2965,启辰佛山禅车城南庄直营店,启辰佛山禅车城南庄直营店
广东,广州,W2969,启辰万江东辰直营店,启辰万江东辰直营店
广东,佛山,W2916,启辰佛山禅车城专营店三水分店,启辰佛山禅车城专营店三水分店
广东,佛山,W2915,启辰佛山禅车城专营店云城分店,启辰佛山禅车城专营店云城分店
广东,佛山,W2963,启辰佛山雄峰龙江直营店,启辰佛山雄峰龙江直营店
广东,广州,V2905,启辰广州迎宾番禺,广东喜龙启晨汽车销售服务有限公司
广东,广州,W2903,启辰广州东风南方利辰专营店新塘分店,启辰广州东风南方利辰专营店新塘分店
广东,佛山,W2962,启辰佛山雄峰金沙直营店,启辰佛山雄峰金沙直营店
广东,佛山,W2913,启辰佛山禅车城专营店大良分店,启辰佛山禅车城专营店大良分店
广东,佛山,W2925,启辰佛山雄峰专营店西樵分店,启辰佛山雄峰专营店西樵分店
广东,佛山,Q2926,利泰集团乐从直营店V,利泰集团乐从直营店V
广东,惠州,V2921,启辰惠州醒晨,惠州市醒晨汽车销售服务有限公司
广东,惠州,V2922,启辰惠州天骊,惠州市天骊汽车销售服务有限公司
广东,汕头,V2925,启辰汕头中升恒晨,汕头市中升恒晨汽车销售服务有限公司
广东,潮州,V2928,启辰潮州侨木大道,潮州市侨木启辰贸易有限公司
广东,梅州,V2929,启辰梅州春天,梅州广利成汽车销售服务有限公司
广东,揭阳,V2931,启辰揭阳恒捷,揭阳市恒捷汽车销售服务有限公司
广东,河源,V2935,启辰河源雄峰源城,河源雄峰启程汽车有限公司
广东,惠州,W2940,启辰惠州醒晨专营店惠阳分店,启辰惠州醒晨专营店惠阳分店
广东,惠州,Q2919,天驿汽车陈江直营店V,天驿汽车陈江直营店V
广东,惠州,Q2923,安捷镇隆直营店V,安捷镇隆直营店V
广东,潮州,V2941,启辰潮州侨水,潮州市侨水汽车贸易有限公司
广东,惠州,Q2929,中升恒通陆河直营店V,中升恒通陆河直营店V
广东,惠州,Q2931,九牧滨江路直营店V,九牧滨江路直营店V
广东,潮州,Q2935,侨木体育馆直营店V,侨木体育馆直营店V
广东,汕头,V2944,启辰汕头启航,汕头市启航汽车销售服务有限公司
广东,惠州,Q2939,安捷安翔龙门直营店V,安捷安翔龙门直营店V
广东,惠州,Q2940,中安吉隆直营店V,中安吉隆直营店V
广东,潮州,W2954,启辰侨水浮洋直营店,启辰侨水浮洋直营店
广东,惠州,V2943,启辰惠州天骅,惠州市天骅汽车销售有限公司
广东,汕尾,V2942,启辰汕尾启信,汕尾市启信汽车销售服务有限公司
广东,河源,W2938,启辰河源雄峰源城专营店河源大道分店,启辰河源雄峰源城专营店河源大道分店
广东,湛江,V2940,启辰湛江保利,湛江市保利汽车贸易有限公司
广东,韶关,W2937,启辰韶关通九州帝利专营店翁源泰盛分店,启辰韶关通九州帝利专营店翁源泰盛分店
广东,韶关,W2941,启辰韶关通九州帝利专营店仁化隆胜分店,启辰韶关通九州帝利专营店仁化隆胜分店
广东,云浮,V2934,启辰云浮雄峰,云浮雄峰启程汽车有限公司
广东,江门,V2919,启辰江门泰辰,开平市泰辰汽车销售服务有限公司
广东,茂名,V2917,启辰茂名广利丰,茂名广利丰汽车销售服务有限公司
广东,清远,V2924,启辰清远银江,清远市银江汽车贸易有限公司
广东,肇庆,V2920,启辰肇庆合利丰,肇庆合利丰汽车销售服务有限公司
广东,阳江,V2930,启辰阳江广宝辰,阳江市广宝辰汽车销售服务有限公司
广东,韶关,V2932,启辰韶关通九州帝利,韶关市帝利汽车销售有限公司
广东,韶关,W2936,启辰韶关通九州帝利专营店南雄东日分店,启辰韶关通九州帝利专营店南雄东日分店
广东,清远,Q2911,金江英德直营店V,金江英德直营店V
广东,清远,Q2912,金江连州直营店V,金江连州直营店V
广东,清远,Q2913,通九州南雄韶赣直营店V,通九州南雄韶赣直营店V
广东,清远,Q2915,通九州泰盛翁源直营店V,通九州泰盛翁源直营店V
广东,江门,Q2916,利泰江海直营店V,利泰江海直营店V
广东,江门,Q2917,利泰迎宾车城直营店V,利泰迎宾车城直营店V
广东,茂名,Q2918,合利德庆直营店V,合利德庆直营店V
广东,茂名,Q2921,金泰电白直营店V,金泰电白直营店V
广东,茂名,W2911,启辰茂名广利丰专营店湛江分店,启辰茂名广利丰专营店湛江分店
广东,茂名,Q2930,广利成信宜直营店V,广利成信宜直营店V
广东,肇庆,W2950,启辰肇庆合利丰专营店金利直营店,启辰肇庆合利丰专营店金利直营店
广东,江门,W2948,启辰江门泰辰专营店恩平怡泰直营店,启辰江门泰辰专营店恩平怡泰直营店
广东,江门,W2946,启辰江门泰辰专营店台山庆业直营店,启辰江门泰辰专营店台山庆业直营店
广东,江门,W2951,启辰江门利辰蓬江合骏直营店,启辰江门利辰蓬江合骏直营店
广东,茂名,Q2937,广利化州直营店V,广利化州直营店V
广东,江门,W2922,启辰江门泰辰专营店江沙分店,启辰江门泰辰专营店江沙分店
广东,江门,W2923,启辰江门泰辰专营店宏泰分店,启辰江门泰辰专营店宏泰分店
广东,江门,W2928,启辰江门泰辰专营店长骏分店,启辰江门泰辰专营店长骏分店
广东,茂名,W2929,启辰茂名广利丰专营店高州分店,启辰茂名广利丰专营店高州分店
广东,阳江,W2930,启辰阳江广宝辰专营店阳春直营店,启辰阳江广宝辰专营店阳春直营店
广东,江门,W2957,启辰江门利辰蓬江鹤山直营店,启辰江门利辰蓬江鹤山直营店
广东,清远,W2960,启辰清远银江阳山直营店,启辰清远银江阳山直营店
广东,江门,W2956,启辰泰辰水口直营店,启辰泰辰水口直营店
广东,韶关,W2932,启辰韶关通九州帝利专营店新丰分店,启辰韶关通九州帝利专营店新丰分店
广东,韶关,W2933,启辰韶关通九州帝利专营店始兴神州分店,启辰韶关通九州帝利专营店始兴神州分店
广东,江门,V2938,启辰江门利辰蓬江,江门市利辰汽车销售服务有限公司
广东,江门,W2943,启辰江门利辰蓬江专营店宏泰分店,启辰江门利辰蓬江专营店宏泰分店
湖北,孝感,V2202A,启辰武汉三环金通汉阳专营店汉川辕丰特约服务站,启辰武汉三环金通汉阳专营店汉川辕丰特约服务站
湖北,天门,V2202B,启辰武汉三环金通汉阳专营店天门三鼎特约服务站,启辰武汉三环金通汉阳专营店天门三鼎特约服务站
其它,其它,T2201,东风进出口,中国东风汽车工业进出口有限公司
湖北,随州,V2216,启辰随州众合,随州市众辰汽车销售有限公司
湖北,潜江,V2219,启辰潜江友爱,潜江市友辰汽车销售服务有限公司
湖北,武汉,V2218,启辰武汉众为,武汉市众为顺汽车销售服务有限公司
湖北,十堰,V2213,启辰十堰东贸轩弘,十堰轩弘汽车销售服务有限公司
湖北,武汉,V2201,启辰武汉三环骏通,武汉三环骏通汽车有限公司
湖北,襄阳,V2211,启辰襄阳樊城,襄阳宝菱汽车销售服务有限公司
湖北,宜昌,V2212,启辰宜昌麟辰,宜昌交运集团麟辰汽车销售服务有限公司
湖北,武汉,V2202,启辰武汉三环金通汉阳,湖北三环金通汽车有限公司
湖北,恩施,V2215,启辰恩施麟盛,恩施麟盛汽车销售服务有限公司
湖北,仙桃,W2211,启辰武汉三环骏通专营店仙桃分店,启辰武汉三环骏通专营店仙桃分店
湖北,襄阳,Q2211,东贸丹江直营店V（变更）,东贸丹江直营店V（变更）
湖北,襄阳,Q2212,东贸竹溪直营店V（变更）,东贸竹溪直营店V（变更）
湖北,襄阳,Q2213,东贸竹山直营店V（变更）,东贸竹山直营店V（变更）
湖北,襄阳,Q2215,东贸房县直营店V（变更）,东贸房县直营店V（变更）
湖北,襄阳,Q2216,风雅钟祥直营店V,风雅钟祥直营店V
湖北,襄阳,Q2217,风雅京山直营店V,风雅京山直营店V
湖北,武汉,Q2218,裕丰应城直营店V,裕丰应城直营店V
湖北,宜昌,Q2219,交运麟觉枝江直营店V,交运麟觉枝江直营店V
湖北,宜昌,Q2220,交运麟汇当阳直营店V,交运麟汇当阳直营店V
湖北,襄阳,Q2221,东盛国汽城直营店V,东盛国汽城直营店V
湖北,襄阳,Q2222,东盛广水直营店V,东盛广水直营店V
湖北,宜昌,Q2223,麟觉利川直营店V,麟觉利川直营店V
湖北,宜昌,Q2225,麟觉来凤直营店V,麟觉来凤直营店V
湖北,武汉,Q2226,裕丰安陆福通直营店V,裕丰安陆福通直营店V
湖北,武汉,Q2201,三环博通和平直营店V,三环博通和平直营店V
湖北,荆州,V2220,启辰荆州宏通古城,荆州市宏通汽车有限公司
湖北,宜昌,Q2227,恒信松滋直营店V,恒信松滋直营店V
湖北,咸宁市,V2221,启辰咸宁广裕银泉,咸宁广裕汽车销售服务有限责任公司
湖北,襄阳,Q2228,车城枣阳直营店V,车城枣阳直营店V
湖北,武汉,Q2229,恒信东顺阳新名流直营店V,恒信东顺阳新名流直营店V
湖北,孝感,V2223,启辰三环义通孝南,孝感市义通汽车有限公司
湖北,武汉,Q2230,恒信蕲春直营店V,恒信蕲春直营店V
湖北,武汉,Q2231,恒信武穴直营店V,恒信武穴直营店V
湖北,武汉,Q2232,恒信麻城直营店V,恒信麻城直营店V
湖北,十堰,Q2233,东贸丹江直营店V,东贸丹江直营店V
湖北,十堰,Q2235,东贸竹溪直营店V,东贸竹溪直营店V
湖北,十堰,Q2236,东贸竹山直营店V,东贸竹山直营店V
湖北,十堰,Q2237,东贸房县直营店V,东贸房县直营店V
湖北,黄石,V2217,启辰黄石腾达,黄石全兴腾达汽车销售服务有限公司
湖北,宜昌,Q2238,交运麟汇宜都直营店V,交运麟汇宜都直营店V
湖北,随州,W2215,启辰随州众合天隆直营店,启辰随州众合天隆直营店
湖北,宜昌,W2216,启辰宜昌麟辰港窑直营店,启辰宜昌麟辰港窑直营店
湖北,天门,W2212,启辰武汉三环金通汉阳天门直营店,启辰武汉三环金通汉阳天门直营店
湖北,武汉,Q2239,三环劲通天门陆宇直营店V,三环劲通天门陆宇直营店V
湖北,恩施土家苗族自治州,W2213,启辰恩施麟盛利川直营店,启辰恩施麟盛利川直营店
湖北,武汉,W2218,启辰武汉众为中环直营店,启辰武汉众为中环直营店
湖北,荆门,V2225,启辰荆门智为,荆门市智为辰汽车销售服务有限公司
湖北,鄂州,W2223,启辰三环金通鄂州直营店,启辰三环金通鄂州直营店
湖北,荆州,W2222,"启辰荆州宏通古城松滋直营店	","启辰荆州宏通古城松滋直营店	"
湖北,鄂州,W2226, 启辰三环金通鄂州直营店, 启辰三环金通鄂州直营店
湖北,仙桃,W2217,启辰武汉三环金通汉阳专营店仙桃分店,启辰武汉三环金通汉阳专营店仙桃分店
湖北,武汉,W2219,启辰武汉三环骏通新洲直营店,启辰武汉三环骏通新洲直营店
湖北,襄阳,W2214,启辰襄阳樊城专营店襄州分店,启辰襄阳樊城专营店襄州分店
河南,郑州,Q1645,威佳杞县直营店V,威佳杞县直营店V
河南,郑州,Q1630,威佳正阳直营店V（变更）,威佳正阳直营店V（变更）
河南,安阳,Q1657,威佳滑县直营店V,威佳滑县直营店V
河南,郑州,W1618,启辰郑州威佳圃田专营店汽贸分店,启辰郑州威佳圃田专营店汽贸分店
河南,郑州,V1602,启辰巩义威佳宏昊,巩义市威佳宏昊汽车销售有限公司
河南,郑州,Q1602,威佳新郑直营店V,威佳新郑直营店V
河南,郑州,Q1629,威佳新蔡直营店V（变更）,威佳新蔡直营店V（变更）
河南,郑州,Q1617,威佳台前直营店V（变更）,威佳台前直营店V（变更）
河南,安阳,V1613,启辰安阳威佳文峰,安阳威佳启扬汽车销售服务有限公司
河南,安阳,W1623,启辰安阳威佳文峰专营店长城汽贸分店,启辰安阳威佳文峰专营店长城汽贸分店
河南,安阳,Q1653,威佳南乐直营店V,威佳南乐直营店V
河南,濮阳,V1621,启辰濮阳威佳启隆,濮阳威佳启隆汽车销售服务有限公司
河南,许昌,V1616,启辰许昌威佳启旺,许昌威佳启旺汽车销售服务有限公司
河南,信阳,V1623,启辰信阳威佳启通,信阳威通汽车销售服务有限公司
河南,焦作,V1620,启辰焦作威佳,焦作威佳启辰汽车销售服务有限公司
河南,洛阳,V1618,启辰洛阳威佳启兴,洛阳威佳启兴汽车销售服务有限公司
河南,南阳,V1611,启辰南阳威佳启昌,南阳威佳启昌汽车服务有限公司
河南,平顶山,V1617,启辰平顶山威佳启泰,平顶山威佳启泰汽车贸易有限公司
河南,商丘,V1619,启辰商丘威佳启祥,商丘威佳启祥汽车销售服务有限公司
河南,驻马店,V1612,启辰驻马店威佳启浩,驻马店威佳启浩汽车服务有限公司
河南,漯河,V1622,启辰漯河威佳启程,漯河威佳启辰汽车服务有限公司
河南,周口,V1625,启辰周口威佳启诚,周口启诚汽车销售服务有限公司
河南,郑州,W1627,启辰郑州威佳圃田专营店水稻分店,启辰郑州威佳圃田专营店水稻分店
河南,郑州,W1612,启辰郑州威佳圃田专营店钱银分店,启辰郑州威佳圃田专营店钱银分店
河南,洛阳,Q1611,威佳卢氏直营店V,威佳卢氏直营店V
河南,洛阳,Q1612,威佳西工直营店V,威佳西工直营店V
河南,商丘,Q1620,威佳民权直营店V,威佳民权直营店V
河南,商丘,Q1626,威佳项城直营店V,威佳项城直营店V
河南,商丘,Q1627,威佳南环直营店V,威佳南环直营店V
河南,南阳,Q1635,威佳镇平直营店V,威佳镇平直营店V
河南,洛阳,W1611,启辰洛阳威佳启兴专营店威顺分店,启辰洛阳威佳启兴专营店威顺分店
河南,商丘,Q1646,威佳柘城直营店V,威佳柘城直营店V
河南,驻马店,W1619,启辰驻马店威佳启浩专营店漯舞分店,启辰驻马店威佳启浩专营店漯舞分店
河南,驻马店,W1620,启辰驻马店威佳启浩专营店银钱分店,启辰驻马店威佳启浩专营店银钱分店
河南,南阳,W1621,启辰南阳威佳启昌专营店建设分店,启辰南阳威佳启昌专营店建设分店
河南,南阳,Q1647,威佳鲁山直营店V,威佳鲁山直营店V
河南,南阳,Q1648,威佳桐柏直营店V,威佳桐柏直营店V
河南,驻马店,Q1649,威佳息县直营店V,威佳息县直营店V
河南,驻马店,Q1650,威佳西平直营店V,威佳西平直营店V
河南,驻马店,Q1651,威佳新蔡直营店V,威佳新蔡直营店V
河南,驻马店,Q1652,威佳正阳直营店V,威佳正阳直营店V
河南,洛阳,W1625,启辰洛阳威佳启兴专营店龙腾分店,启辰洛阳威佳启兴专营店龙腾分店
河南,洛阳,W1626,启辰洛阳威佳启兴专营店威源分店,启辰洛阳威佳启兴专营店威源分店
河南,许昌,W1628,启辰郑州威佳圃田专营店禹州分店,启辰郑州威佳圃田专营店禹州分店
河南,安阳,V1628,启辰安阳威佳豫北车城,安阳威佳启扬汽车销售服务有限公司
河南,郑州,Q1641,焦作未来沁阳直营店V,焦作未来沁阳直营店V
河南,郑州,Q1638,威佳滑县直营店V（变更2）,威佳滑县直营店V（变更2）
河南,郑州,Q1637,威佳林州直营店V（变更2）,威佳林州直营店V（变更2）
河南,三门峡,V1630,启辰三门峡威佳开发区,三门峡威顺汽车服务有限公司
河南,安阳,W1622,启辰安阳威佳文峰专营店中原分店,启辰安阳威佳文峰专营店中原分店
河南,郑州,V1603,启辰郑州威佳花园路,河南威佳致诚汽车销售有限公司
河南,郑州,Q1615,威佳原阳直营店V,威佳原阳直营店V
河南,郑州,Q1631,威佳林州直营店V（变更）,威佳林州直营店V（变更）
河南,郑州,Q1625,威佳息县直营店V（变更）,威佳息县直营店V（变更）
河南,郑州,W1616,启辰郑州威佳圃田专营店建设分店,启辰郑州威佳圃田专营店建设分店
河南,郑州,Q1601,威佳上街直营店V,威佳上街直营店V
河南,郑州,W1615,启辰郑州威佳圃田专营店漯舞分店,启辰郑州威佳圃田专营店漯舞分店
河南,郑州,Q1628,威佳西平直营店V（变更）,威佳西平直营店V（变更）
河南,郑州,Q1639,威佳龙湖直营店V,威佳龙湖直营店V
河南,郑州,Q1636,未来温县直营店V,未来温县直营店V
河南,安阳,Q1656,威佳林州直营店V,威佳林州直营店V
河南,郑州,Q1613,未来武陟直营店V,未来武陟直营店V
河南,郑州,Q1618,威佳尉氏直营店V,威佳尉氏直营店V
河南,安阳,Q1655,威佳台前直营店V,威佳台前直营店V
河南,濮阳,W1613,启辰郑州威佳圃田专营店中原分店,启辰郑州威佳圃田专营店中原分店
河南,郑州,Q1622,威佳鲁山直营店V（变更）,威佳鲁山直营店V（变更）
河南,郑州,Q1621,威佳襄县直营店V,威佳襄县直营店V
河南,郑州,Q1616,威佳南乐直营店V（变更）,威佳南乐直营店V（变更）
河南,郑州,Q1632,威佳滑县直营店V（变更）,威佳滑县直营店V（变更）
河南,郑州,Q1642,威佳卫辉直营店V,威佳卫辉直营店V
河南,开封,V1624,启辰开封金明,开封凯辰汽车销售有限公司
河南,郑州,Q1633,未来孟州直营店V,未来孟州直营店V
河南,郑州,W1617,启辰郑州威佳圃田专营店金明分店,启辰郑州威佳圃田专营店金明分店
河南,郑州,V1601,启辰郑州威佳圃田,郑州威佳启鹏汽车服务有限公司
河南,郑州,Q1623,威佳桐柏直营店V（变更）,威佳桐柏直营店V（变更）
河南,新乡,V1615,启辰新乡威佳启新,新乡市威佳启新汽车销售服务有限公司
河南,郑州,Q1643,启辰郑州威骏中牟,郑州威骏汽车销售服务有限公司
河南,郑州,Q1640,润翔临颍直营店V,润翔临颍直营店V
山东,枣庄,W1541,启辰枣庄天通专营店市中直营店,启辰枣庄天通专营店市中直营店
山东,济南,W1526,启辰济南大友龙专营店商河分店,启辰济南大友龙专营店商河分店
山东,济南,V1501A,启辰济南大友龙专营店济阳济北特约服务站,启辰济南大友龙专营店济阳济北特约服务站
山东,菏泽,V1535,启辰菏泽东风南方启发,山东东风南方汽车销售服务有限公司菏泽第一分公司
山东,滨州,V1522,启辰滨州骏泰,滨州骏泰汽车销售服务有限公司
山东,德州,V1511,启辰德州盛威龙,德州盛威龙汽贸有限公司
山东,菏泽,V1518,启辰菏泽东风南方广源,山东东风南方汽车销售服务有限公司菏泽第二分公司
山东,济南,V1501,启辰济南大友龙,山东大友龙汽车销售有限公司
山东,济宁,V1515,启辰济宁东风南方星源,山东东风南方汽车销售服务有限公司任城分公司
山东,聊城,V1525,启辰聊城东风南方天泽,聊城东风南方汽车销售服务有限公司
山东,泰安,V1517,启辰泰安嘉信,泰安金岳嘉利康汽贸有限公司
山东,枣庄,V1528,启辰枣庄天通,枣庄天通汽车销售服务有限公司
山东,德州,Q1556,启辰德州国信临邑,德州国信汽车销售服务有限公司
山东,济宁,V1531,启辰邹城东风南方启兴,山东东风南方汽车销售服务有限公司邹城第一分公司
山东,聊城,W1538,启辰东风南方天泽专营店冠县分店,启辰东风南方天泽专营店冠县分店
山东,济南,Q1501,大友匡山直营店V,大友匡山直营店V
山东,济南,Q1502,金大友商河直营店V,金大友商河直营店V
山东,济南,Q1503,大友济阳直营店V,大友济阳直营店V
山东,济南,Q1505,银大友平阴翠屏街直营店V,银大友平阴翠屏街直营店V
山东,泰安,Q1517,嘉信东平直营店V,嘉信东平直营店V
山东,泰安,Q1518,嘉信肥城直营店V,嘉信肥城直营店V
山东,泰安,Q1519,嘉信宁阳直营店V,嘉信宁阳直营店V
山东,济宁,Q1523,华源汶上直营店V,华源汶上直营店V
山东,济宁,Q1525,华源梁山直营店V,华源梁山直营店V
山东,德州,Q1526,华丰乐陵直营店V,华丰乐陵直营店V
山东,德州,Q1527,远通禹城直营店V,远通禹城直营店V
山东,滨州,Q1529,通达沾化直营店V,通达沾化直营店V
山东,滨州,Q1540,圣瑞惠民风驰直营店V,圣瑞惠民风驰直营店V
山东,菏泽,Q1541,华源佳达曹县直营店V,华源佳达曹县直营店V
山东,菏泽,Q1542,华源佳达郓城直营店V,华源佳达郓城直营店V
山东,聊城,Q1545,天瑞阳谷直营店V,天瑞阳谷直营店V
山东,济宁,Q1547,华源鱼台直营店V,华源鱼台直营店V
山东,滨州,Q1515,顺通钢城区直营店V,顺通钢城区直营店V
山东,滨州,Q1530,兴达利津直营店V,兴达利津直营店V
山东,济宁,Q1537,东风南方宝丰源直营店V,东风南方宝丰源直营店V
山东,济宁,Q1538,东风南方东源金乡直营店V,东风南方东源金乡直营店V
山东,济宁,Q1539,东风南方东源泗水直营店V,东风南方东源泗水直营店V
山东,泰安,W1511,启辰泰安嘉信专营店泰山分店,启辰泰安嘉信专营店泰山分店
山东,泰安,V1536,启辰泰安嘉信泰山,泰安金岳新启辰汽贸有限公司
山东,枣庄,W1537,启辰天通专营店滕州分店,启辰天通专营店滕州分店
山东,菏泽,W1546,启辰菏泽东风南方启发专营店郓城分店,启辰菏泽东风南方启发专营店郓城分店
山东,滨州,W1512,启辰滨州骏泰专营店滨城分店,启辰滨州骏泰专营店滨城分店
山东,枣庄,Q1555,天朗益康大道直营店V,天朗益康大道直营店V
山东,菏泽,Q1558,开源成武直营店V,开源成武直营店V
山东,济南,W1544,济南大友龙匡山直营店,济南大友龙匡山直营店
山东,滨州,Q1559,通达无棣直营店V,通达无棣直营店V
山东,济宁,W1516,启辰济宁东风南方星源专营店邹城分店,启辰济宁东风南方星源专营店邹城分店
山东,菏泽,W1517,启辰菏泽东风南方广源专营店郓城分店,启辰菏泽东风南方广源专营店郓城分店
山东,济南,W1518,启辰济南大友龙专营店章丘分店,启辰济南大友龙专营店章丘分店
山东,济宁,W1545,启辰邹城东风南方启兴微山直营店,启辰邹城东风南方启兴微山直营店
山东,聊城,W1548,启辰聊城东风南方天泽茌平直营店,启辰聊城东风南方天泽茌平直营店
山东,济南,V1502,启辰济南大友辰龙,山东大友辰龙汽车销售有限公司
山东,聊城,W1549,启辰聊城东风南方天泽新开直营店,启辰聊城东风南方天泽新开直营店
山东,济南,V1503,启辰济南大友,山东大友辰龙汽车销售有限公司
山东,菏泽,W1529,启辰菏泽东风南方广源专营店单县分店,启辰菏泽东风南方广源专营店单县分店
山东,济南,W1539,启辰大友龙专营店长清分店,启辰大友龙专营店长清分店
山东,济南,V1501B,启辰济南大友龙专营店平阴正大特约服务站,启辰济南大友龙专营店平阴正大特约服务站
山东,枣庄,W1536,启辰枣庄天通专营店薛城分店,启辰枣庄天通专营店薛城分店
山东,济南,W1527,启辰济南大友龙专营店匡山分店,启辰济南大友龙专营店匡山分店
山东,日照,W1535,启辰日照易通东升专营店五莲富超分店,启辰日照易通东升专营店五莲富超分店
山东,临沂,W1525,启辰临沂辰通专营店沂南易兴分店,启辰临沂辰通专营店沂南易兴分店
山东,青岛,V1521C,启辰青岛中升兴辰专营店青岛优佳特约服务站,启辰青岛中升兴辰专营店青岛优佳特约服务站
山东,临沂,V1519A,启辰临沂辰通专营店沂水易通特约服务站,启辰临沂辰通专营店沂水易通特约服务站
山东,青岛,V1521B,启辰青岛中升兴辰专营店青岛华森特约服务站,启辰青岛中升兴辰专营店青岛华森特约服务站
山东,临沂,V1519C,启辰临沂辰通专营店佳华汽贸特约服务站,启辰临沂辰通专营店佳华汽贸特约服务站
山东,临沂,W1532,启辰临沂辰通专营店沂水兴保分店,启辰临沂辰通专营店沂水兴保分店
山东,东营,V1516,启辰东营御道,东营御道汽车销售服务有限公司
山东,临沂,V1519,启辰临沂辰通,临沂辰通汽车销售服务有限公司
山东,青岛,V1521,启辰青岛中升兴辰,青岛中升兴辰启辰汽车销售服务有限公司
山东,日照,V1526,启辰日照易通东升,日照易通东升汽车销售服务有限公司
山东,威海,V1527,启辰威海鑫通,威海鑫通启辰汽车销售服务有限公司
山东,潍坊,V1512,启辰潍坊青山,潍坊青山汽车贸易有限公司
山东,烟台,V1513,启辰烟台天航,烟台启辰汽车销售有限公司
山东,淄博,V1520,启辰淄博天航晨源,淄博天航晨源汽车销售服务有限公司
山东,临沂,V1530,启辰临沂启通,临沂启通汽车销售服务有限公司
山东,青岛,V1529,启辰青岛家盛胶州,青岛珠峰金刚山汽贸有限公司
山东,临沂,Q1511,易通郯城恒通直营店V,易通郯城恒通直营店V
山东,临沂,Q1512,易通平邑亨大直营店V,易通平邑亨大直营店V
山东,临沂,Q1513,易通中天沂南直营店V,易通中天沂南直营店V
山东,威海,Q1516,世通高技区直营店V,世通高技区直营店V
山东,烟台,Q1520,天航牟平直营店V,天航牟平直营店V
山东,烟台,Q1521,龙口天健招远直营店V,龙口天健招远直营店V
山东,烟台,Q1522,远方泰龙福山直营店V,远方泰龙福山直营店V
山东,潍坊,Q1528,百大天达昌邑直营店V,百大天达昌邑直营店V
山东,日照,Q1531,天也胶南直营店V,天也胶南直营店V
山东,日照,Q1532,海正岚山直营店V,海正岚山直营店V
山东,淄博,Q1533,泰达博山直营店V,泰达博山直营店V
山东,淄博,Q1535,泰通高青直营店V,泰通高青直营店V
山东,淄博,Q1536,航天义盛和沂源直营店V,航天义盛和沂源直营店V
山东,日照,Q1543,易通旭日五莲直营店V,易通旭日五莲直营店V
山东,威海,Q1546,海源成山直营店V,海源成山直营店V
山东,青岛,V1521A,启辰青岛中升兴辰专营店胶州中升特约服务站,启辰青岛中升兴辰专营店胶州中升特约服务站
山东,临沂,Q1548,易通莒南直营店V,易通莒南直营店V
山东,淄博,Q1549,航天聚和桓台直营店V,航天聚和桓台直营店V
山东,临沂,Q1550,易利蒙阴直营店V,易利蒙阴直营店V
山东,临沂,Q1551,易通苍山华瑞直营店V,易通苍山华瑞直营店V
山东,潍坊,Q1552,青州江山临朐直营店V,青州江山临朐直营店V
山东,潍坊,Q1560,珠峰青江昌乐直营店V,珠峰青江昌乐直营店V
山东,淄博,W1513,启辰淄博航天晨源专营店淄川分店,启辰淄博航天晨源专营店淄川分店
山东,淄博,W1515,启辰淄博天航晨源专营店临淄分店,启辰淄博天航晨源专营店临淄分店
山东,威海,W1520,启辰威海鑫通专营店荣成分店,启辰威海鑫通专营店荣成分店
山东,日照,W1519,启辰日照易通东升专营店奎山分店,启辰日照易通东升专营店奎山分店
山东,烟台,W1521,启辰烟台天航专营店龙口分店,启辰烟台天航专营店龙口分店
山东,青岛,W1522,启辰青岛中升兴辰专营店平度华森分店,启辰青岛中升兴辰专营店平度华森分店
山东,潍坊,W1523,启辰潍坊青山专营店安丘分店,启辰潍坊青山专营店安丘分店
山东,潍坊,W1524,启辰潍坊青山专营店金宝分店,启辰潍坊青山专营店金宝分店
山东,青岛,W1542,启辰家盛胶州亚飞直营店,启辰家盛胶州亚飞直营店
山东,烟台,V1537,启辰烟台弘信开发区,烟台弘信元发汽车销售服务有限公司
山东,东营,V1538,启辰东营诚丰和轩,东营顺达润嘉汽车销售服务有限公司
山东,潍坊,V1539,启辰寿光风神,寿光华茂兴汽车销售服务有限公司
山东,日照,V1526A,启辰日照易通东升专营店莒县冠宇特约服务站,启辰日照易通东升专营店莒县冠宇特约服务站
山东,临沂,V1519B,启辰临沂辰通专营店莒南易通特约服务站,启辰临沂辰通专营店莒南易通特约服务站
山东,青岛,V1532,启辰青岛力隆,青岛力隆汽车销售有限公司
山东,临沂,W1528,启辰临沂辰通专营店蒙阴佳华分店,启辰临沂辰通专营店蒙阴佳华分店
山东,日照,W1534,启辰日照易通东升专营店岚山明锐分店,启辰日照易通东升专营店岚山明锐分店
山东,潍坊,W1530,启辰潍坊青山专营店高密分店,启辰潍坊青山专营店高密分店
山东,临沂,W1531,启辰临沂辰通专营店费县翔通分店,启辰临沂辰通专营店费县翔通分店
山东,临沂,W1533,启辰临沂启通专营店兰陵迅驰分店,启辰临沂启通专营店兰陵迅驰分店
